COMMENT,Currency,Measure_Type,INPUT,DATE,Borrowing_Type,Area_Operation,DMID,TIME_PERIOD,OBS_VALUE
N_A,INR,TOTAL,N_A,N_A,BOR_CI_MONEYMARKET,GL_OP,S884,2019-Q2,4103.06
N_A,INR,TOWHF,N_A,N_A,BOR_CI_MONEYMARKET,GL_OP,S885,2019-Q2,3953.06
N_A,INR,TOTAL,N_A,N_A,BOR_CI_MONEYMARKET,GL_OP,S886,2019-Q2,4141.75
N_A,INR,TOWHF,N_A,N_A,BOR_CI_MONEYMARKET,GL_OP,S887,2019-Q2,3991.75
N_A,INR,TOTAL,N_A,N_A,BOR_CI_MONEYMARKET,GL_OP,S888,2019-Q2,4180.44
N_A,INR,TOWHF,N_A,N_A,BOR_CI_MONEYMARKET,GL_OP,S889,2019-Q2,4030.44
N_A,INR,TOTAL,N_A,N_A,BOR_CI_RBI,GL_OP,S890,2019-Q2,4117.78
N_A,INR,TOWHF,N_A,N_A,BOR_CI_RBI,GL_OP,S891,2019-Q2,3967.78
N_A,INR,TOTAL,N_A,N_A,BOR_CI_RBI,GL_OP,S892,2019-Q2,4156.47
N_A,INR,TOWHF,N_A,N_A,BOR_CI_RBI,GL_OP,S893,2019-Q2,4006.47
N_A,INR,TOTAL,N_A,N_A,BOR_CI_RBI,GL_OP,S894,2019-Q2,4195.16
N_A,INR,TOWHF,N_A,N_A,BOR_CI_RBI,GL_OP,S895,2019-Q2,4045.16
N_A,INR,TOTAL,N_A,N_A,BOR_CI_INDBANKS,GL_OP,S896,2019-Q2,4132.5
N_A,INR,TOWHF,N_A,N_A,BOR_CI_INDBANKS,GL_OP,S897,2019-Q2,3982.5
N_A,INR,TOTAL,N_A,N_A,BOR_CI_INDBANKS,GL_OP,S898,2019-Q2,4171.19
N_A,INR,TOWHF,N_A,N_A,BOR_CI_INDBANKS,GL_OP,S899,2019-Q2,4021.19
N_A,INR,TOTAL,N_A,N_A,BOR_CI_INDBANKS,GL_OP,S900,2019-Q2,4209.88
N_A,INR,TOWHF,N_A,N_A,BOR_CI_INDBANKS,GL_OP,S901,2019-Q2,4059.88
N_A,INR,TOTAL,N_A,N_A,BOR_CI_INDCCP,GL_OP,S902,2019-Q2,4147.22
N_A,INR,TOWHF,N_A,N_A,BOR_CI_INDCCP,GL_OP,S903,2019-Q2,3997.22
N_A,INR,TOTAL,N_A,N_A,BOR_CI_INDCCP,GL_OP,S904,2019-Q2,4185.91
N_A,INR,TOWHF,N_A,N_A,BOR_CI_INDCCP,GL_OP,S905,2019-Q2,4035.91
N_A,INR,TOTAL,N_A,N_A,BOR_CI_INDCCP,GL_OP,S906,2019-Q2,4224.6
N_A,INR,TOWHF,N_A,N_A,BOR_CI_INDCCP,GL_OP,S907,2019-Q2,4074.6
N_A,INR,TOTAL,N_A,N_A,BOR_CI_INDFI,GL_OP,S908,2019-Q2,4161.94
N_A,INR,TOWHF,N_A,N_A,BOR_CI_INDFI,GL_OP,S909,2019-Q2,4011.94
N_A,INR,TOTAL,N_A,N_A,BOR_CI_INDFI,GL_OP,S910,2019-Q2,4200.63
N_A,INR,TOWHF,N_A,N_A,BOR_CI_INDFI,GL_OP,S911,2019-Q2,4050.63
N_A,INR,TOTAL,N_A,N_A,BOR_CI_INDFI,GL_OP,S912,2019-Q2,4239.32
N_A,INR,TOWHF,N_A,N_A,BOR_CI_INDFI,GL_OP,S913,2019-Q2,4089.32
N_A,INR,TOTAL,N_A,N_A,BOR_CI_OVRBANKS,GL_OP,S914,2019-Q2,4176.66
N_A,INR,TOWHF,N_A,N_A,BOR_CI_OVRBANKS,GL_OP,S915,2019-Q2,4026.66
N_A,INR,TOTAL,N_A,N_A,BOR_CI_OVRBANKS,GL_OP,S916,2019-Q2,4215.35
N_A,INR,TOWHF,N_A,N_A,BOR_CI_OVRBANKS,GL_OP,S917,2019-Q2,4065.35
N_A,INR,TOTAL,N_A,N_A,BOR_CI_OVRBANKS,GL_OP,S918,2019-Q2,4254.04
N_A,INR,TOWHF,N_A,N_A,BOR_CI_OVRBANKS,GL_OP,S919,2019-Q2,4104.04
N_A,INR,TOTAL,N_A,N_A,BOR_CI_OVRFI,GL_OP,S920,2019-Q2,4191.38
N_A,INR,TOWHF,N_A,N_A,BOR_CI_OVRFI,GL_OP,S921,2019-Q2,4041.38
N_A,INR,TOTAL,N_A,N_A,BOR_CI_OVRFI,GL_OP,S922,2019-Q2,4230.07
N_A,INR,TOWHF,N_A,N_A,BOR_CI_OVRFI,GL_OP,S923,2019-Q2,4080.07
N_A,INR,TOTAL,N_A,N_A,BOR_CI_OVRFI,GL_OP,S924,2019-Q2,4268.76
N_A,INR,TOWHF,N_A,N_A,BOR_CI_OVRFI,GL_OP,S925,2019-Q2,4118.76
N_A,INR,TOTAL,N_A,N_A,BOR_CM_BOND,GL_OP,S932,2019-Q2,4206.1
N_A,INR,TOWHF,N_A,N_A,BOR_CM_BOND,GL_OP,S933,2019-Q2,4056.1
N_A,INR,TOTAL,N_A,N_A,BOR_CM_BOND,GL_OP,S934,2019-Q2,4244.79
N_A,INR,TOWHF,N_A,N_A,BOR_CM_BOND,GL_OP,S935,2019-Q2,4094.79
N_A,INR,TOTAL,N_A,N_A,BOR_CM_BOND,GL_OP,S936,2019-Q2,4283.48
N_A,INR,TOWHF,N_A,N_A,BOR_CM_BOND,GL_OP,S937,2019-Q2,4133.48
N_A,INR,TOTAL,N_A,N_A,BOR_CM_DEBTPAPER,GL_OP,S938,2019-Q2,4220.82
N_A,INR,TOWHF,N_A,N_A,BOR_CM_DEBTPAPER,GL_OP,S939,2019-Q2,4070.82
N_A,INR,TOTAL,N_A,N_A,BOR_CM_DEBTPAPER,GL_OP,S940,2019-Q2,4259.51
N_A,INR,TOWHF,N_A,N_A,BOR_CM_DEBTPAPER,GL_OP,S941,2019-Q2,4109.51
N_A,INR,TOTAL,N_A,N_A,BOR_CM_DEBTPAPER,GL_OP,S942,2019-Q2,4298.2
N_A,INR,TOWHF,N_A,N_A,BOR_CM_DEBTPAPER,GL_OP,S943,2019-Q2,4148.2
N_A,INR,TOTAL,N_A,N_A,SUBORDDEBT_DUE5YR,GL_OP,S950,2019-Q2,4235.54
N_A,INR,TOWHF,N_A,N_A,SUBORDDEBT_DUE5YR,GL_OP,S951,2019-Q2,4085.54
N_A,INR,TOTAL,N_A,N_A,SUBORDDEBT_DUE5YR,GL_OP,S952,2019-Q2,4274.23
N_A,INR,TOWHF,N_A,N_A,SUBORDDEBT_DUE5YR,GL_OP,S953,2019-Q2,4124.23
N_A,INR,TOTAL,N_A,N_A,SUBORDDEBT_DUE5YR,GL_OP,S954,2019-Q2,4312.92
N_A,INR,TOWHF,N_A,N_A,SUBORDDEBT_DUE5YR,GL_OP,S955,2019-Q2,4162.92
N_A,INR,TOTAL,N_A,N_A,SUBORDDEBT_OTH,GL_OP,S956,2019-Q2,4250.26
N_A,INR,TOWHF,N_A,N_A,SUBORDDEBT_OTH,GL_OP,S957,2019-Q2,4100.26
N_A,INR,TOTAL,N_A,N_A,SUBORDDEBT_OTH,GL_OP,S958,2019-Q2,4288.95
N_A,INR,TOWHF,N_A,N_A,SUBORDDEBT_OTH,GL_OP,S959,2019-Q2,4138.95
N_A,INR,TOTAL,N_A,N_A,SUBORDDEBT_OTH,GL_OP,S960,2019-Q2,4327.64
N_A,INR,TOWHF,N_A,N_A,SUBORDDEBT_OTH,GL_OP,S961,2019-Q2,4177.64
N_A,INR,TOTAL,N_A,N_A,LONGTERMBONDS,GL_OP,S962,2019-Q2,4264.98
N_A,INR,TOWHF,N_A,N_A,LONGTERMBONDS,GL_OP,S963,2019-Q2,4114.98
N_A,INR,TOTAL,N_A,N_A,LONGTERMBONDS,GL_OP,S964,2019-Q2,4303.67
N_A,INR,TOWHF,N_A,N_A,LONGTERMBONDS,GL_OP,S965,2019-Q2,4153.67
N_A,INR,TOTAL,N_A,N_A,LONGTERMBONDS,GL_OP,S966,2019-Q2,4342.36
N_A,INR,TOWHF,N_A,N_A,LONGTERMBONDS,GL_OP,S967,2019-Q2,4192.36
N_A,INR,TOTAL,N_A,N_A,LONGTERMLOANS,GL_OP,S968,2019-Q2,4279.7
N_A,INR,TOWHF,N_A,N_A,LONGTERMLOANS,GL_OP,S969,2019-Q2,4129.7
N_A,INR,TOTAL,N_A,N_A,LONGTERMLOANS,GL_OP,S970,2019-Q2,4318.39
N_A,INR,TOWHF,N_A,N_A,LONGTERMLOANS,GL_OP,S971,2019-Q2,4168.39
N_A,INR,TOTAL,N_A,N_A,LONGTERMLOANS,GL_OP,S972,2019-Q2,4357.08
N_A,INR,TOWHF,N_A,N_A,LONGTERMLOANS,GL_OP,S973,2019-Q2,4207.08
N_A,INR,TOTAL,N_A,N_A,HYBRIDCAP,GL_OP,S974,2019-Q2,4294.42
N_A,INR,TOWHF,N_A,N_A,HYBRIDCAP,GL_OP,S975,2019-Q2,4144.42
N_A,INR,TOTAL,N_A,N_A,HYBRIDCAP,GL_OP,S976,2019-Q2,4333.11
N_A,INR,TOWHF,N_A,N_A,HYBRIDCAP,GL_OP,S977,2019-Q2,4183.11
N_A,INR,TOTAL,N_A,N_A,HYBRIDCAP,GL_OP,S978,2019-Q2,4371.8
N_A,INR,TOWHF,N_A,N_A,HYBRIDCAP,GL_OP,S979,2019-Q2,4221.8
