COMMENT,Currency,Time_Prd,Measure_Type,Counterparty_Client,CCR_CDS,Area_Operation,INPUT,DMID,TIME_PERIOD,OBS_VALUE
N_A,N_A,ATD,NTT,N_A,PROSEL,GL_OP,N_A,S2268,2019-Q2,370
N_A,N_A,ATD,NTT,N_A,PROBUY,GL_OP,N_A,S2269,2019-Q2,590
N_A,N_A,PERIOD_END,NTT,N_A,PROSEL,GL_OP,N_A,S2270,2019-Q2,510
N_A,N_A,PERIOD_END,NTT,N_A,PROBUY,GL_OP,N_A,S2271,2019-Q2,547
N_A,N_A,ATD,NTPS,N_A,PROSEL,GL_OP,N_A,S2272,2019-Q2,137
N_A,N_A,ATD,NTPS,N_A,PROBUY,GL_OP,N_A,S2273,2019-Q2,165
N_A,N_A,PERIOD_END,NTPS,N_A,PROSEL,GL_OP,N_A,S2274,2019-Q2,193
N_A,N_A,PERIOD_END,NTPS,N_A,PROBUY,GL_OP,N_A,S2275,2019-Q2,221
N_A,N_A,ATD,NTCS,N_A,PROSEL,GL_OP,N_A,S2276,2019-Q2,142
N_A,N_A,ATD,NTCS,N_A,PROBUY,GL_OP,N_A,S2277,2019-Q2,170
N_A,N_A,PERIOD_END,NTCS,N_A,PROSEL,GL_OP,N_A,S2278,2019-Q2,198
N_A,N_A,PERIOD_END,NTCS,N_A,PROBUY,GL_OP,N_A,S2279,2019-Q2,226
N_A,INR,ATD,APT,N_A,PROSEL,GL_OP,N_A,S2280,2019-Q2,28700
N_A,INR,ATD,APT,N_A,PROBUY,GL_OP,N_A,S2281,2019-Q2,29600
N_A,INR,PERIOD_END,APT,N_A,PROSEL,GL_OP,N_A,S2282,2019-Q2,30014
N_A,INR,PERIOD_END,APT,N_A,PROBUY,GL_OP,N_A,S2283,2019-Q2,32033
N_A,INR,ATD,APPS,N_A,PROSEL,GL_OP,N_A,S2284,2019-Q2,10919.99
N_A,INR,ATD,APPS,N_A,PROBUY,GL_OP,N_A,S2285,2019-Q2,10931.94
N_A,INR,PERIOD_END,APPS,N_A,PROSEL,GL_OP,N_A,S2286,2019-Q2,10943.89
N_A,INR,PERIOD_END,APPS,N_A,PROBUY,GL_OP,N_A,S2287,2019-Q2,10955.84
N_A,INR,ATD,APCS,N_A,PROSEL,GL_OP,N_A,S2288,2019-Q2,10934.71
N_A,INR,ATD,APCS,N_A,PROBUY,GL_OP,N_A,S2289,2019-Q2,10946.66
N_A,INR,PERIOD_END,APCS,N_A,PROSEL,GL_OP,N_A,S2290,2019-Q2,10958.61
N_A,INR,PERIOD_END,APCS,N_A,PROBUY,GL_OP,N_A,S2291,2019-Q2,10970.56
N_A,INR,ATD,RWDPB,N_A,PROSEL,GL_OP,tyrytry,S2292,2019-Q2,10949.43
N_A,INR,ATD,RWDPB,N_A,PROBUY,GL_OP,tyrytry,S2293,2019-Q2,10961.38
N_A,INR,PERIOD_END,RWDPB,N_A,PROSEL,GL_OP,tyrytry,S2294,2019-Q2,10973.33
N_A,INR,PERIOD_END,RWDPB,N_A,PROBUY,GL_OP,tyrytry,S2295,2019-Q2,10985.28
N_A,INR,ATD,NICDSPPR,N_A,PROSEL,GL_OP,N_A,S2296,2019-Q2,10993.59
N_A,INR,ATD,NICDSPPR,N_A,PROBUY,GL_OP,N_A,S2297,2019-Q2,11005.54
N_A,INR,PERIOD_END,NICDSPPR,N_A,PROSEL,GL_OP,N_A,S2298,2019-Q2,11017.49
N_A,INR,PERIOD_END,NICDSPPR,N_A,PROBUY,GL_OP,N_A,S2299,2019-Q2,11029.44
N_A,INR,ATD,NICDSCRPCS,N_A,PROSEL,GL_OP,N_A,S2300,2019-Q2,42000
N_A,INR,ATD,NICDSCRPCS,N_A,PROBUY,GL_OP,N_A,S2301,2019-Q2,39000
N_A,INR,PERIOD_END,NICDSCRPCS,N_A,PROSEL,GL_OP,N_A,S2302,2019-Q2,38000
N_A,INR,PERIOD_END,NICDSCRPCS,N_A,PROBUY,GL_OP,N_A,S2303,2019-Q2,37000
N_A,INR,ATD,NICDSCRPCSP,N_A,PROSEL,GL_OP,N_A,S2304,2019-Q2,10964.15
N_A,INR,ATD,NICDSCRPCSP,N_A,PROBUY,GL_OP,N_A,S2305,2019-Q2,10976.1
N_A,INR,PERIOD_END,NICDSCRPCSP,N_A,PROSEL,GL_OP,N_A,S2306,2019-Q2,10988.05
N_A,INR,PERIOD_END,NICDSCRPCSP,N_A,PROBUY,GL_OP,N_A,S2307,2019-Q2,11000
N_A,INR,ATD,NICDSCRPCSR,N_A,PROSEL,GL_OP,N_A,S2308,2019-Q2,10978.87
N_A,INR,ATD,NICDSCRPCSR,N_A,PROBUY,GL_OP,N_A,S2309,2019-Q2,10990.82
N_A,INR,PERIOD_END,NICDSCRPCSR,N_A,PROSEL,GL_OP,N_A,S2310,2019-Q2,11002.77
N_A,INR,PERIOD_END,NICDSCRPCSR,N_A,PROBUY,GL_OP,N_A,S2311,2019-Q2,11014.72
N_A,N_A,ATD,NTT,N_A,PROSEL,GL_OP,N_A,S2820,2019-Q2,450
N_A,N_A,ATD,NTT,N_A,PROBUY,GL_OP,N_A,S2821,2019-Q2,600
N_A,N_A,PERIOD_END,NTT,N_A,PROSEL,GL_OP,N_A,S2822,2019-Q2,650
N_A,N_A,PERIOD_END,NTT,N_A,PROBUY,GL_OP,N_A,S2823,2019-Q2,700
N_A,N_A,ATD,NTPS,N_A,PROSEL,GL_OP,N_A,S2824,2019-Q2,147
N_A,N_A,ATD,NTPS,N_A,PROBUY,GL_OP,N_A,S2825,2019-Q2,175
N_A,N_A,PERIOD_END,NTPS,N_A,PROSEL,GL_OP,N_A,S2826,2019-Q2,203
N_A,N_A,PERIOD_END,NTPS,N_A,PROBUY,GL_OP,N_A,S2827,2019-Q2,231
N_A,N_A,ATD,NTCS,N_A,PROSEL,GL_OP,N_A,S2828,2019-Q2,152
N_A,N_A,ATD,NTCS,N_A,PROBUY,GL_OP,N_A,S2829,2019-Q2,180
N_A,N_A,PERIOD_END,NTCS,N_A,PROSEL,GL_OP,N_A,S2830,2019-Q2,208
N_A,N_A,PERIOD_END,NTCS,N_A,PROBUY,GL_OP,N_A,S2831,2019-Q2,236
N_A,INR,ATD,APT,N_A,PROSEL,GL_OP,N_A,S2832,2019-Q2,25000
N_A,INR,ATD,APT,N_A,PROBUY,GL_OP,N_A,S2833,2019-Q2,26000
N_A,INR,PERIOD_END,APT,N_A,PROSEL,GL_OP,N_A,S2834,2019-Q2,27000
N_A,INR,PERIOD_END,APT,N_A,PROBUY,GL_OP,N_A,S2835,2019-Q2,28000
N_A,INR,ATD,APPS,N_A,PROSEL,GL_OP,N_A,S2836,2019-Q2,11023.03
N_A,INR,ATD,APPS,N_A,PROBUY,GL_OP,N_A,S2837,2019-Q2,11034.98
N_A,INR,PERIOD_END,APPS,N_A,PROSEL,GL_OP,N_A,S2838,2019-Q2,11046.93
N_A,INR,PERIOD_END,APPS,N_A,PROBUY,GL_OP,N_A,S2839,2019-Q2,11058.88
N_A,INR,ATD,APCS,N_A,PROSEL,GL_OP,N_A,S2840,2019-Q2,11037.75
N_A,INR,ATD,APCS,N_A,PROBUY,GL_OP,N_A,S2841,2019-Q2,11049.7
N_A,INR,PERIOD_END,APCS,N_A,PROSEL,GL_OP,N_A,S2842,2019-Q2,11061.65
N_A,INR,PERIOD_END,APCS,N_A,PROBUY,GL_OP,N_A,S2843,2019-Q2,11073.6
N_A,INR,ATD,RWDPB,N_A,PROSEL,GL_OP,uybbnbweew,S2844,2019-Q2,11008.31
N_A,INR,ATD,RWDPB,N_A,PROBUY,GL_OP,uybbnbweew,S2845,2019-Q2,11020.26
N_A,INR,PERIOD_END,RWDPB,N_A,PROSEL,GL_OP,uybbnbweew,S2846,2019-Q2,11032.21
N_A,INR,PERIOD_END,RWDPB,N_A,PROBUY,GL_OP,uybbnbweew,S2847,2019-Q2,11044.16
N_A,INR,ATD,NICDSPPR,N_A,PROSEL,GL_OP,N_A,S2848,2019-Q2,11081.91
N_A,INR,ATD,NICDSPPR,N_A,PROBUY,GL_OP,N_A,S2849,2019-Q2,11093.86
N_A,INR,PERIOD_END,NICDSPPR,N_A,PROSEL,GL_OP,N_A,S2850,2019-Q2,11105.81
N_A,INR,PERIOD_END,NICDSPPR,N_A,PROBUY,GL_OP,N_A,S2851,2019-Q2,11117.76
N_A,INR,ATD,NICDSCRPCS,N_A,PROSEL,GL_OP,N_A,S2852,2019-Q2,32000
N_A,INR,ATD,NICDSCRPCS,N_A,PROBUY,GL_OP,N_A,S2853,2019-Q2,33000
N_A,INR,PERIOD_END,NICDSCRPCS,N_A,PROSEL,GL_OP,N_A,S2854,2019-Q2,34000
N_A,INR,PERIOD_END,NICDSCRPCS,N_A,PROBUY,GL_OP,N_A,S2855,2019-Q2,35000
N_A,INR,ATD,NICDSCRPCSP,N_A,PROSEL,GL_OP,N_A,S2856,2019-Q2,11052.47
N_A,INR,ATD,NICDSCRPCSP,N_A,PROBUY,GL_OP,N_A,S2857,2019-Q2,11064.42
N_A,INR,PERIOD_END,NICDSCRPCSP,N_A,PROSEL,GL_OP,N_A,S2858,2019-Q2,11076.37
N_A,INR,PERIOD_END,NICDSCRPCSP,N_A,PROBUY,GL_OP,N_A,S2859,2019-Q2,11088.32
N_A,INR,ATD,NICDSCRPCSR,N_A,PROSEL,GL_OP,N_A,S2860,2019-Q2,11067.19
N_A,INR,ATD,NICDSCRPCSR,N_A,PROBUY,GL_OP,N_A,S2861,2019-Q2,11079.14
N_A,INR,PERIOD_END,NICDSCRPCSR,N_A,PROSEL,GL_OP,N_A,S2862,2019-Q2,11091.09
N_A,INR,PERIOD_END,NICDSCRPCSR,N_A,PROBUY,GL_OP,N_A,S2863,2019-Q2,11103.04
