COMMENT,Currency,Measure_Type,Inst_Type,Deposit_Type,Area_Operation,DMID,TIME_PERIOD,OBS_VALUE
N_A,INR,TOTAL,N_A,CUST_RES_CA,GL_OP,S758,2019-Q2,3838.1
N_A,INR,TOWHF,N_A,CUST_RES_CA,GL_OP,S759,2019-Q2,3688.1
N_A,INR,TOTAL,N_A,CUST_RES_CA,GL_OP,S760,2019-Q2,3876.79
N_A,INR,TOWHF,N_A,CUST_RES_CA,GL_OP,S761,2019-Q2,3726.79
N_A,INR,TOTAL,N_A,CUST_RES_CA,GL_OP,S762,2019-Q2,3915.48
N_A,INR,TOWHF,N_A,CUST_RES_CA,GL_OP,S763,2019-Q2,3765.48
N_A,INR,TOTAL,N_A,CUST_RES_SA_1L,GL_OP,S770,2019-Q2,3852.82
N_A,INR,TOWHF,N_A,CUST_RES_SA_1L,GL_OP,S771,2019-Q2,3702.82
N_A,INR,TOTAL,N_A,CUST_RES_SA_1L,GL_OP,S772,2019-Q2,3891.51
N_A,INR,TOWHF,N_A,CUST_RES_SA_1L,GL_OP,S773,2019-Q2,3741.51
N_A,INR,TOTAL,N_A,CUST_RES_SA_1L,GL_OP,S774,2019-Q2,3930.2
N_A,INR,TOWHF,N_A,CUST_RES_SA_1L,GL_OP,S775,2019-Q2,3780.2
N_A,INR,TOTAL,N_A,CUST_RES_SA_1LO,GL_OP,S776,2019-Q2,3867.54
N_A,INR,TOWHF,N_A,CUST_RES_SA_1LO,GL_OP,S777,2019-Q2,3717.54
N_A,INR,TOTAL,N_A,CUST_RES_SA_1LO,GL_OP,S778,2019-Q2,3906.23
N_A,INR,TOWHF,N_A,CUST_RES_SA_1LO,GL_OP,S779,2019-Q2,3756.23
N_A,INR,TOTAL,N_A,CUST_RES_SA_1LO,GL_OP,S780,2019-Q2,3944.92
N_A,INR,TOWHF,N_A,CUST_RES_SA_1LO,GL_OP,S781,2019-Q2,3794.92
N_A,INR,TOTAL,N_A,CUST_RES_FD,GL_OP,S782,2019-Q2,19558.5
N_A,INR,TOWHF,N_A,CUST_RES_FD,GL_OP,S783,2019-Q2,18808.5
N_A,INR,TOTAL,N_A,CUST_RES_FD,GL_OP,S784,2019-Q2,19751.95
N_A,INR,TOWHF,N_A,CUST_RES_FD,GL_OP,S785,2019-Q2,19001.95
N_A,INR,TOTAL,N_A,CUST_RES_FD,GL_OP,S786,2019-Q2,19945.4
N_A,INR,TOWHF,N_A,CUST_RES_FD,GL_OP,S787,2019-Q2,19195.4
N_A,INR,TOTAL,N_A,CUST_NRES_CASA,GL_OP,S794,2019-Q2,3955.86
N_A,INR,TOWHF,N_A,CUST_NRES_CASA,GL_OP,S795,2019-Q2,3805.86
N_A,INR,TOTAL,N_A,CUST_NRES_CASA,GL_OP,S796,2019-Q2,3994.55
N_A,INR,TOWHF,N_A,CUST_NRES_CASA,GL_OP,S797,2019-Q2,3844.55
N_A,INR,TOTAL,N_A,CUST_NRES_CASA,GL_OP,S798,2019-Q2,4033.24
N_A,INR,TOWHF,N_A,CUST_NRES_CASA,GL_OP,S799,2019-Q2,3883.24
N_A,INR,TOTAL,N_A,CUST_NRES_FD,GL_OP,S800,2019-Q2,3970.58
N_A,INR,TOWHF,N_A,CUST_NRES_FD,GL_OP,S801,2019-Q2,3820.58
N_A,INR,TOTAL,N_A,CUST_NRES_FD,GL_OP,S802,2019-Q2,4009.27
N_A,INR,TOWHF,N_A,CUST_NRES_FD,GL_OP,S803,2019-Q2,3859.27
N_A,INR,TOTAL,N_A,CUST_NRES_FD,GL_OP,S804,2019-Q2,4047.96
N_A,INR,TOWHF,N_A,CUST_NRES_FD,GL_OP,S805,2019-Q2,3897.96
N_A,INR,TOTAL,N_A,BANK_IND_DD,GL_OP,S818,2019-Q2,3985.3
N_A,INR,TOWHF,N_A,BANK_IND_DD,GL_OP,S819,2019-Q2,3835.3
N_A,INR,TOTAL,N_A,BANK_IND_DD,GL_OP,S820,2019-Q2,4023.99
N_A,INR,TOWHF,N_A,BANK_IND_DD,GL_OP,S821,2019-Q2,3873.99
N_A,INR,TOTAL,N_A,BANK_IND_DD,GL_OP,S822,2019-Q2,4062.68
N_A,INR,TOWHF,N_A,BANK_IND_DD,GL_OP,S823,2019-Q2,3912.68
N_A,INR,TOTAL,N_A,BANK_IND_FD,GL_OP,S824,2019-Q2,4000.02
N_A,INR,TOWHF,N_A,BANK_IND_FD,GL_OP,S825,2019-Q2,3850.02
N_A,INR,TOTAL,N_A,BANK_IND_FD,GL_OP,S826,2019-Q2,4038.71
N_A,INR,TOWHF,N_A,BANK_IND_FD,GL_OP,S827,2019-Q2,3888.71
N_A,INR,TOTAL,N_A,BANK_IND_FD,GL_OP,S828,2019-Q2,4077.4
N_A,INR,TOWHF,N_A,BANK_IND_FD,GL_OP,S829,2019-Q2,3927.4
N_A,INR,TOTAL,N_A,BANK_OVR_DD,GL_OP,S836,2019-Q2,4014.74
N_A,INR,TOWHF,N_A,BANK_OVR_DD,GL_OP,S837,2019-Q2,3864.74
N_A,INR,TOTAL,N_A,BANK_OVR_DD,GL_OP,S838,2019-Q2,4053.43
N_A,INR,TOWHF,N_A,BANK_OVR_DD,GL_OP,S839,2019-Q2,3903.43
N_A,INR,TOTAL,N_A,BANK_OVR_DD,GL_OP,S840,2019-Q2,4092.12
N_A,INR,TOWHF,N_A,BANK_OVR_DD,GL_OP,S841,2019-Q2,3942.12
N_A,INR,TOTAL,N_A,BANK_OVR_FD,GL_OP,S842,2019-Q2,4029.46
N_A,INR,TOWHF,N_A,BANK_OVR_FD,GL_OP,S843,2019-Q2,3879.46
N_A,INR,TOTAL,N_A,BANK_OVR_FD,GL_OP,S844,2019-Q2,4068.15
N_A,INR,TOWHF,N_A,BANK_OVR_FD,GL_OP,S845,2019-Q2,3918.15
N_A,INR,TOTAL,N_A,BANK_OVR_FD,GL_OP,S846,2019-Q2,4106.84
N_A,INR,TOWHF,N_A,BANK_OVR_FD,GL_OP,S847,2019-Q2,3956.84
N_A,INR,TOTAL,N_A,CERT_DEP,GL_OP,S848,2019-Q2,8103.08
N_A,INR,TOWHF,N_A,CERT_DEP,GL_OP,S849,2019-Q2,7803.08
N_A,INR,TOTAL,N_A,CERT_DEP,GL_OP,S850,2019-Q2,8180.46
N_A,INR,TOWHF,N_A,CERT_DEP,GL_OP,S851,2019-Q2,7880.46
N_A,INR,TOTAL,N_A,CERT_DEP,GL_OP,S852,2019-Q2,8257.84
N_A,INR,TOWHF,N_A,CERT_DEP,GL_OP,S853,2019-Q2,7957.84
N_A,INR,TOTAL,N_A,OVRBRANCH_CAP,GL_OP,S860,2019-Q2,4073.62
N_A,INR,TOWHF,N_A,OVRBRANCH_CAP,GL_OP,S861,2019-Q2,3923.62
N_A,INR,TOTAL,N_A,OVRBRANCH_CAP,GL_OP,S862,2019-Q2,4112.31
N_A,INR,TOWHF,N_A,OVRBRANCH_CAP,GL_OP,S863,2019-Q2,3962.31
N_A,INR,TOTAL,N_A,OVRBRANCH_CAP,GL_OP,S864,2019-Q2,4151
N_A,INR,TOWHF,N_A,OVRBRANCH_CAP,GL_OP,S865,2019-Q2,4001
N_A,INR,TOTAL,N_A,OVRBRANCH_DEP,GL_OP,S866,2019-Q2,4088.34
N_A,INR,TOWHF,N_A,OVRBRANCH_DEP,GL_OP,S867,2019-Q2,3938.34
N_A,INR,TOTAL,N_A,OVRBRANCH_DEP,GL_OP,S868,2019-Q2,4127.03
N_A,INR,TOWHF,N_A,OVRBRANCH_DEP,GL_OP,S869,2019-Q2,3977.03
N_A,INR,TOTAL,N_A,OVRBRANCH_DEP,GL_OP,S870,2019-Q2,4165.72
N_A,INR,TOWHF,N_A,OVRBRANCH_DEP,GL_OP,S871,2019-Q2,4015.72
N_A,INR,TOTAL,N_A,MBDEP,GL_OP,S1130,2019-Q2,10252.7
N_A,INR,TOWHF,N_A,MBDEP,GL_OP,S1131,2019-Q2,6202.7
N_A,INR,TOTAL,N_A,MBDEP,GL_OP,S1132,2019-Q2,10252.7
N_A,INR,TOWHF,N_A,MBDEP,GL_OP,S1133,2019-Q2,6202.7
N_A,INR,TOTAL,N_A,MBDEP,GL_OP,S1134,2019-Q2,2341.96
N_A,INR,TOWHF,N_A,MBDEP,GL_OP,S1135,2019-Q2,291.96
