COMMENT,Currency,Measure_Type,INPUT,CNTRCT_DRVTS,Area_Operation,DMID,TIME_PERIOD,OBS_VALUE
N_A,INR,NPT,N_A,FFC,GL_OP,S1760,2019-Q2,2354
N_A,INR,NPOTDC,N_A,FFC,GL_OP,S1761,2019-Q2,2365.95
N_A,INR,CCE,N_A,FFC,GL_OP,S1762,2019-Q2,2377.9
N_A,INR,PFE,N_A,FFC,GL_OP,S1763,2019-Q2,2389.85
N_A,INR,NEGMTMV,N_A,FFC,GL_OP,S1764,2019-Q2,2401.8
N_A,INR,PVBPSL,N_A,FFC,GL_OP,S1765,2019-Q2,93
N_A,INR,PVBPA,N_A,FFC,GL_OP,S1766,2019-Q2,121
N_A,INR,VARSL,N_A,FFC,GL_OP,S1767,2019-Q2,2413.75
N_A,INR,VARA,N_A,FFC,GL_OP,S1768,2019-Q2,2425.7
N_A,N_A,REM,N_A,FFC,GL_OP,S1769,2019-Q2,WUWLJFNTNU
N_A,N_A,REM,N_A,FUTURE,GL_OP,S1779,2019-Q2,BRTr
N_A,INR,NPT,N_A,FUTURE_CURRENCY,GL_OP,S1780,2019-Q2,2368.72
N_A,INR,NPOTDC,N_A,FUTURE_CURRENCY,GL_OP,S1781,2019-Q2,2380.67
N_A,INR,CCE,N_A,FUTURE_CURRENCY,GL_OP,S1782,2019-Q2,2392.62
N_A,INR,PFE,N_A,FUTURE_CURRENCY,GL_OP,S1783,2019-Q2,2404.57
N_A,INR,NEGMTMV,N_A,FUTURE_CURRENCY,GL_OP,S1784,2019-Q2,2416.52
N_A,INR,PVBPSL,N_A,FUTURE_CURRENCY,GL_OP,S1785,2019-Q2,98
N_A,INR,PVBPA,N_A,FUTURE_CURRENCY,GL_OP,S1786,2019-Q2,126
N_A,INR,VARSL,N_A,FUTURE_CURRENCY,GL_OP,S1787,2019-Q2,2428.47
N_A,INR,VARA,N_A,FUTURE_CURRENCY,GL_OP,S1788,2019-Q2,2440.42
N_A,N_A,REM,N_A,FUTURE_CURRENCY,GL_OP,S1789,2019-Q2,NDCJGUFOIL
N_A,INR,NPT,N_A,FUTURE_INTEREST_RATE,GL_OP,S1790,2019-Q2,2383.44
N_A,INR,NPOTDC,N_A,FUTURE_INTEREST_RATE,GL_OP,S1791,2019-Q2,2395.39
N_A,INR,CCE,N_A,FUTURE_INTEREST_RATE,GL_OP,S1792,2019-Q2,2407.34
N_A,INR,PFE,N_A,FUTURE_INTEREST_RATE,GL_OP,S1793,2019-Q2,2419.29
N_A,INR,NEGMTMV,N_A,FUTURE_INTEREST_RATE,GL_OP,S1794,2019-Q2,2431.24
N_A,INR,PVBPSL,N_A,FUTURE_INTEREST_RATE,GL_OP,S1795,2019-Q2,103
N_A,INR,PVBPA,N_A,FUTURE_INTEREST_RATE,GL_OP,S1796,2019-Q2,131
N_A,INR,VARSL,N_A,FUTURE_INTEREST_RATE,GL_OP,S1797,2019-Q2,2443.19
N_A,INR,VARA,N_A,FUTURE_INTEREST_RATE,GL_OP,S1798,2019-Q2,2455.14
N_A,N_A,REM,N_A,FUTURE_INTEREST_RATE,GL_OP,S1799,2019-Q2,QCFWNGZBVY
N_A,N_A,REM,N_A,OPTION,GL_OP,S1809,2019-Q2,neyeny
N_A,INR,NPT,N_A,OPTION_CURRENCY,GL_OP,S1810,2019-Q2,2398.16
N_A,INR,NPOTDC,N_A,OPTION_CURRENCY,GL_OP,S1811,2019-Q2,2410.11
N_A,INR,CCE,N_A,OPTION_CURRENCY,GL_OP,S1812,2019-Q2,2422.06
N_A,INR,PFE,N_A,OPTION_CURRENCY,GL_OP,S1813,2019-Q2,2434.01
N_A,INR,NEGMTMV,N_A,OPTION_CURRENCY,GL_OP,S1814,2019-Q2,2445.96
N_A,INR,PVBPSL,N_A,OPTION_CURRENCY,GL_OP,S1815,2019-Q2,108
N_A,INR,PVBPA,N_A,OPTION_CURRENCY,GL_OP,S1816,2019-Q2,136
N_A,INR,VARSL,N_A,OPTION_CURRENCY,GL_OP,S1817,2019-Q2,2457.91
N_A,INR,VARA,N_A,OPTION_CURRENCY,GL_OP,S1818,2019-Q2,2469.86
N_A,N_A,REM,N_A,OPTION_CURRENCY,GL_OP,S1819,2019-Q2,DVDFSRICWM
N_A,INR,NPT,N_A,OPTION_INTEREST_RATE,GL_OP,S1820,2019-Q2,2412.88
N_A,INR,NPOTDC,N_A,OPTION_INTEREST_RATE,GL_OP,S1821,2019-Q2,2424.83
N_A,INR,CCE,N_A,OPTION_INTEREST_RATE,GL_OP,S1822,2019-Q2,2436.78
N_A,INR,PFE,N_A,OPTION_INTEREST_RATE,GL_OP,S1823,2019-Q2,2448.73
N_A,INR,NEGMTMV,N_A,OPTION_INTEREST_RATE,GL_OP,S1824,2019-Q2,2460.68
N_A,INR,PVBPSL,N_A,OPTION_INTEREST_RATE,GL_OP,S1825,2019-Q2,113
N_A,INR,PVBPA,N_A,OPTION_INTEREST_RATE,GL_OP,S1826,2019-Q2,141
N_A,INR,VARSL,N_A,OPTION_INTEREST_RATE,GL_OP,S1827,2019-Q2,2472.63
N_A,INR,VARA,N_A,OPTION_INTEREST_RATE,GL_OP,S1828,2019-Q2,2484.58
N_A,N_A,REM,N_A,OPTION_INTEREST_RATE,GL_OP,S1829,2019-Q2,ZTALKUCLKB
N_A,INR,NPT,N_A,FRA,GL_OP,S1830,2019-Q2,2427.6
N_A,INR,NPOTDC,N_A,FRA,GL_OP,S1831,2019-Q2,2439.55
N_A,INR,CCE,N_A,FRA,GL_OP,S1832,2019-Q2,2451.5
N_A,INR,PFE,N_A,FRA,GL_OP,S1833,2019-Q2,2463.45
N_A,INR,NEGMTMV,N_A,FRA,GL_OP,S1834,2019-Q2,2475.4
N_A,INR,PVBPSL,N_A,FRA,GL_OP,S1835,2019-Q2,118
N_A,INR,PVBPA,N_A,FRA,GL_OP,S1836,2019-Q2,146
N_A,INR,VARSL,N_A,FRA,GL_OP,S1837,2019-Q2,2487.35
N_A,INR,VARA,N_A,FRA,GL_OP,S1838,2019-Q2,2499.3
N_A,N_A,REM,N_A,FRA,GL_OP,S1839,2019-Q2,TAURXDCCLF
N_A,N_A,REM,N_A,SWAP_CURRENCY,GL_OP,S1849,2019-Q2,netyeryneryn
N_A,INR,NPT,N_A,SWAP_CURRENCY_CROSSCURRENCYIRS,GL_OP,S1850,2019-Q2,2442.32
N_A,INR,NPOTDC,N_A,SWAP_CURRENCY_CROSSCURRENCYIRS,GL_OP,S1851,2019-Q2,2454.27
N_A,INR,CCE,N_A,SWAP_CURRENCY_CROSSCURRENCYIRS,GL_OP,S1852,2019-Q2,2466.22
N_A,INR,PFE,N_A,SWAP_CURRENCY_CROSSCURRENCYIRS,GL_OP,S1853,2019-Q2,2478.17
N_A,INR,NEGMTMV,N_A,SWAP_CURRENCY_CROSSCURRENCYIRS,GL_OP,S1854,2019-Q2,2490.12
N_A,INR,PVBPSL,N_A,SWAP_CURRENCY_CROSSCURRENCYIRS,GL_OP,S1855,2019-Q2,123
N_A,INR,PVBPA,N_A,SWAP_CURRENCY_CROSSCURRENCYIRS,GL_OP,S1856,2019-Q2,151
N_A,INR,VARSL,N_A,SWAP_CURRENCY_CROSSCURRENCYIRS,GL_OP,S1857,2019-Q2,2502.07
N_A,INR,VARA,N_A,SWAP_CURRENCY_CROSSCURRENCYIRS,GL_OP,S1858,2019-Q2,2514.02
N_A,N_A,REM,N_A,SWAP_CURRENCY_CROSSCURRENCYIRS,GL_OP,S1859,2019-Q2,UAVBWTAJWF
N_A,INR,NPT,N_A,SWAP_CURRENCY_FCYINRIRS,GL_OP,S1860,2019-Q2,2457.04
N_A,INR,NPOTDC,N_A,SWAP_CURRENCY_FCYINRIRS,GL_OP,S1861,2019-Q2,2468.99
N_A,INR,CCE,N_A,SWAP_CURRENCY_FCYINRIRS,GL_OP,S1862,2019-Q2,2480.94
N_A,INR,PFE,N_A,SWAP_CURRENCY_FCYINRIRS,GL_OP,S1863,2019-Q2,2492.89
N_A,INR,NEGMTMV,N_A,SWAP_CURRENCY_FCYINRIRS,GL_OP,S1864,2019-Q2,2504.84
N_A,INR,PVBPSL,N_A,SWAP_CURRENCY_FCYINRIRS,GL_OP,S1865,2019-Q2,128
N_A,INR,PVBPA,N_A,SWAP_CURRENCY_FCYINRIRS,GL_OP,S1866,2019-Q2,156
N_A,INR,VARSL,N_A,SWAP_CURRENCY_FCYINRIRS,GL_OP,S1867,2019-Q2,2516.79
N_A,INR,VARA,N_A,SWAP_CURRENCY_FCYINRIRS,GL_OP,S1868,2019-Q2,2528.74
N_A,N_A,REM,N_A,SWAP_CURRENCY_FCYINRIRS,GL_OP,S1869,2019-Q2,FGCWWFPFND
N_A,N_A,REM,N_A,SWAP_INTEREST,GL_OP,S1879,2019-Q2,enryeryney
N_A,INR,NPT,N_A,SWAP_INTEREST_SINGLECURRENCYIRS,GL_OP,S1880,2019-Q2,2471.76
N_A,INR,NPOTDC,N_A,SWAP_INTEREST_SINGLECURRENCYIRS,GL_OP,S1881,2019-Q2,2483.71
N_A,INR,CCE,N_A,SWAP_INTEREST_SINGLECURRENCYIRS,GL_OP,S1882,2019-Q2,2495.66
N_A,INR,PFE,N_A,SWAP_INTEREST_SINGLECURRENCYIRS,GL_OP,S1883,2019-Q2,2507.61
N_A,INR,NEGMTMV,N_A,SWAP_INTEREST_SINGLECURRENCYIRS,GL_OP,S1884,2019-Q2,2519.56
N_A,INR,PVBPSL,N_A,SWAP_INTEREST_SINGLECURRENCYIRS,GL_OP,S1885,2019-Q2,133
N_A,INR,PVBPA,N_A,SWAP_INTEREST_SINGLECURRENCYIRS,GL_OP,S1886,2019-Q2,161
N_A,INR,VARSL,N_A,SWAP_INTEREST_SINGLECURRENCYIRS,GL_OP,S1887,2019-Q2,2531.51
N_A,INR,VARA,N_A,SWAP_INTEREST_SINGLECURRENCYIRS,GL_OP,S1888,2019-Q2,2543.46
N_A,N_A,REM,N_A,SWAP_INTEREST_SINGLECURRENCYIRS,GL_OP,S1889,2019-Q2,AYITRJFXIP
N_A,INR,NPT,N_A,SWAP_INTEREST_BASIS,GL_OP,S1890,2019-Q2,2486.48
N_A,INR,NPOTDC,N_A,SWAP_INTEREST_BASIS,GL_OP,S1891,2019-Q2,2498.43
N_A,INR,CCE,N_A,SWAP_INTEREST_BASIS,GL_OP,S1892,2019-Q2,2510.38
N_A,INR,PFE,N_A,SWAP_INTEREST_BASIS,GL_OP,S1893,2019-Q2,2522.33
N_A,INR,NEGMTMV,N_A,SWAP_INTEREST_BASIS,GL_OP,S1894,2019-Q2,2534.28
N_A,INR,PVBPSL,N_A,SWAP_INTEREST_BASIS,GL_OP,S1895,2019-Q2,138
N_A,INR,PVBPA,N_A,SWAP_INTEREST_BASIS,GL_OP,S1896,2019-Q2,166
N_A,INR,VARSL,N_A,SWAP_INTEREST_BASIS,GL_OP,S1897,2019-Q2,2546.23
N_A,INR,VARA,N_A,SWAP_INTEREST_BASIS,GL_OP,S1898,2019-Q2,2558.18
N_A,N_A,REM,N_A,SWAP_INTEREST_BASIS,GL_OP,S1899,2019-Q2,PDAVXYPEGI
N_A,N_A,REM,N_A,CDS,GL_OP,S1909,2019-Q2,ernwerew
N_A,INR,NPT,N_A,CDS_SOLD,GL_OP,S1910,2019-Q2,2501.2
N_A,INR,NPOTDC,N_A,CDS_SOLD,GL_OP,S1911,2019-Q2,2513.15
N_A,INR,CCE,N_A,CDS_SOLD,GL_OP,S1912,2019-Q2,2525.1
N_A,INR,PFE,N_A,CDS_SOLD,GL_OP,S1913,2019-Q2,2537.05
N_A,INR,NEGMTMV,N_A,CDS_SOLD,GL_OP,S1914,2019-Q2,2549
N_A,INR,PVBPSL,N_A,CDS_SOLD,GL_OP,S1915,2019-Q2,143
N_A,INR,PVBPA,N_A,CDS_SOLD,GL_OP,S1916,2019-Q2,171
N_A,INR,VARSL,N_A,CDS_SOLD,GL_OP,S1917,2019-Q2,2560.95
N_A,INR,VARA,N_A,CDS_SOLD,GL_OP,S1918,2019-Q2,2572.9
N_A,N_A,REM,N_A,CDS_SOLD,GL_OP,S1919,2019-Q2,BSFMMCVYRQ
N_A,INR,NPT,N_A,CDS_PURCHASE,GL_OP,S1920,2019-Q2,2515.92
N_A,INR,NPOTDC,N_A,CDS_PURCHASE,GL_OP,S1921,2019-Q2,2527.87
N_A,INR,CCE,N_A,CDS_PURCHASE,GL_OP,S1922,2019-Q2,2539.82
N_A,INR,PFE,N_A,CDS_PURCHASE,GL_OP,S1923,2019-Q2,2551.77
N_A,INR,NEGMTMV,N_A,CDS_PURCHASE,GL_OP,S1924,2019-Q2,2563.72
N_A,INR,PVBPSL,N_A,CDS_PURCHASE,GL_OP,S1925,2019-Q2,148
N_A,INR,PVBPA,N_A,CDS_PURCHASE,GL_OP,S1926,2019-Q2,176
N_A,INR,VARSL,N_A,CDS_PURCHASE,GL_OP,S1927,2019-Q2,2575.67
N_A,INR,VARA,N_A,CDS_PURCHASE,GL_OP,S1928,2019-Q2,2587.62
N_A,N_A,REM,N_A,CDS_PURCHASE,GL_OP,S1929,2019-Q2,GHIZCBCWQZ
N_A,N_A,REM,N_A,OTH_CON,GL_OP,S1939,2019-Q2,ntetern
N_A,INR,NPT,dgfdfgdg,OTH_CON,GL_OP,S1940,2019-Q2,120124.64
N_A,INR,NPOTDC,dgfdfgdg,OTH_CON,GL_OP,S1941,2019-Q2,2542.59
N_A,INR,CCE,dgfdfgdg,OTH_CON,GL_OP,S1942,2019-Q2,2554.54
N_A,INR,PFE,dgfdfgdg,OTH_CON,GL_OP,S1943,2019-Q2,2566.49
N_A,INR,NEGMTMV,dgfdfgdg,OTH_CON,GL_OP,S1944,2019-Q2,2578.44
N_A,INR,PVBPSL,dgfdfgdg,OTH_CON,GL_OP,S1945,2019-Q2,153
N_A,INR,PVBPA,dgfdfgdg,OTH_CON,GL_OP,S1946,2019-Q2,181
N_A,INR,VARSL,dgfdfgdg,OTH_CON,GL_OP,S1947,2019-Q2,2590.39
N_A,INR,VARA,dgfdfgdg,OTH_CON,GL_OP,S1948,2019-Q2,2602.34
N_A,N_A,REM,dgfdfgdg,OTH_CON,GL_OP,S1949,2019-Q2,FDDSF
N_A,N_A,REM,N_A,CONDER,GL_OP,S1959,2019-Q2,sdfdf
N_A,INR,NPT,N_A,FFC,GL_OP,S2312,2019-Q2,2437.65
N_A,INR,NPOTDC,N_A,FFC,GL_OP,S2313,2019-Q2,2449.6
N_A,INR,CCE,N_A,FFC,GL_OP,S2314,2019-Q2,2461.55
N_A,INR,PFE,N_A,FFC,GL_OP,S2315,2019-Q2,2473.5
N_A,INR,NEGMTMV,N_A,FFC,GL_OP,S2316,2019-Q2,2485.45
N_A,INR,PVBPSL,N_A,FFC,GL_OP,S2317,2019-Q2,37
N_A,INR,PVBPA,N_A,FFC,GL_OP,S2318,2019-Q2,65
N_A,INR,VARSL,N_A,FFC,GL_OP,S2319,2019-Q2,2497.4
N_A,INR,VARA,N_A,FFC,GL_OP,S2320,2019-Q2,2509.35
N_A,N_A,REM,N_A,FFC,GL_OP,S2321,2019-Q2,AOGKTRVCAP
N_A,N_A,REM,N_A,FUTURE,GL_OP,S2331,2019-Q2,DSFDPOIPOFIDG
N_A,INR,NPT,N_A,FUTURE_CURRENCY,GL_OP,S2332,2019-Q2,2452.37
N_A,INR,NPOTDC,N_A,FUTURE_CURRENCY,GL_OP,S2333,2019-Q2,2464.32
N_A,INR,CCE,N_A,FUTURE_CURRENCY,GL_OP,S2334,2019-Q2,2476.27
N_A,INR,PFE,N_A,FUTURE_CURRENCY,GL_OP,S2335,2019-Q2,2488.22
N_A,INR,NEGMTMV,N_A,FUTURE_CURRENCY,GL_OP,S2336,2019-Q2,2500.17
N_A,INR,PVBPSL,N_A,FUTURE_CURRENCY,GL_OP,S2337,2019-Q2,42
N_A,INR,PVBPA,N_A,FUTURE_CURRENCY,GL_OP,S2338,2019-Q2,70
N_A,INR,VARSL,N_A,FUTURE_CURRENCY,GL_OP,S2339,2019-Q2,2512.12
N_A,INR,VARA,N_A,FUTURE_CURRENCY,GL_OP,S2340,2019-Q2,2524.07
N_A,N_A,REM,N_A,FUTURE_CURRENCY,GL_OP,S2341,2019-Q2,ZTFWKYYITF
N_A,INR,NPT,N_A,FUTURE_INTEREST_RATE,GL_OP,S2342,2019-Q2,2467.09
N_A,INR,NPOTDC,N_A,FUTURE_INTEREST_RATE,GL_OP,S2343,2019-Q2,2479.04
N_A,INR,CCE,N_A,FUTURE_INTEREST_RATE,GL_OP,S2344,2019-Q2,2490.99
N_A,INR,PFE,N_A,FUTURE_INTEREST_RATE,GL_OP,S2345,2019-Q2,2502.94
N_A,INR,NEGMTMV,N_A,FUTURE_INTEREST_RATE,GL_OP,S2346,2019-Q2,2514.89
N_A,INR,PVBPSL,N_A,FUTURE_INTEREST_RATE,GL_OP,S2347,2019-Q2,47
N_A,INR,PVBPA,N_A,FUTURE_INTEREST_RATE,GL_OP,S2348,2019-Q2,75
N_A,INR,VARSL,N_A,FUTURE_INTEREST_RATE,GL_OP,S2349,2019-Q2,2526.84
N_A,INR,VARA,N_A,FUTURE_INTEREST_RATE,GL_OP,S2350,2019-Q2,2538.79
N_A,N_A,REM,N_A,FUTURE_INTEREST_RATE,GL_OP,S2351,2019-Q2,LGSWPYXWGM
N_A,N_A,REM,N_A,OPTION,GL_OP,S2361,2019-Q2,DFJGHDFHGDFG
N_A,INR,NPT,N_A,OPTION_CURRENCY,GL_OP,S2362,2019-Q2,2481.81
N_A,INR,NPOTDC,N_A,OPTION_CURRENCY,GL_OP,S2363,2019-Q2,2493.76
N_A,INR,CCE,N_A,OPTION_CURRENCY,GL_OP,S2364,2019-Q2,2505.71
N_A,INR,PFE,N_A,OPTION_CURRENCY,GL_OP,S2365,2019-Q2,2517.66
N_A,INR,NEGMTMV,N_A,OPTION_CURRENCY,GL_OP,S2366,2019-Q2,2529.61
N_A,INR,PVBPSL,N_A,OPTION_CURRENCY,GL_OP,S2367,2019-Q2,52
N_A,INR,PVBPA,N_A,OPTION_CURRENCY,GL_OP,S2368,2019-Q2,80
N_A,INR,VARSL,N_A,OPTION_CURRENCY,GL_OP,S2369,2019-Q2,2541.56
N_A,INR,VARA,N_A,OPTION_CURRENCY,GL_OP,S2370,2019-Q2,2553.51
N_A,N_A,REM,N_A,OPTION_CURRENCY,GL_OP,S2371,2019-Q2,INPBQECBLN
N_A,INR,NPT,N_A,OPTION_INTEREST_RATE,GL_OP,S2372,2019-Q2,2496.53
N_A,INR,NPOTDC,N_A,OPTION_INTEREST_RATE,GL_OP,S2373,2019-Q2,2508.48
N_A,INR,CCE,N_A,OPTION_INTEREST_RATE,GL_OP,S2374,2019-Q2,2520.43
N_A,INR,PFE,N_A,OPTION_INTEREST_RATE,GL_OP,S2375,2019-Q2,2532.38
N_A,INR,NEGMTMV,N_A,OPTION_INTEREST_RATE,GL_OP,S2376,2019-Q2,2544.33
N_A,INR,PVBPSL,N_A,OPTION_INTEREST_RATE,GL_OP,S2377,2019-Q2,57
N_A,INR,PVBPA,N_A,OPTION_INTEREST_RATE,GL_OP,S2378,2019-Q2,85
N_A,INR,VARSL,N_A,OPTION_INTEREST_RATE,GL_OP,S2379,2019-Q2,2556.28
N_A,INR,VARA,N_A,OPTION_INTEREST_RATE,GL_OP,S2380,2019-Q2,2568.23
N_A,N_A,REM,N_A,OPTION_INTEREST_RATE,GL_OP,S2381,2019-Q2,WYOVXQEZXR
N_A,INR,NPT,N_A,FRA,GL_OP,S2382,2019-Q2,2511.25
N_A,INR,NPOTDC,N_A,FRA,GL_OP,S2383,2019-Q2,2523.2
N_A,INR,CCE,N_A,FRA,GL_OP,S2384,2019-Q2,2535.15
N_A,INR,PFE,N_A,FRA,GL_OP,S2385,2019-Q2,2547.1
N_A,INR,NEGMTMV,N_A,FRA,GL_OP,S2386,2019-Q2,2559.05
N_A,INR,PVBPSL,N_A,FRA,GL_OP,S2387,2019-Q2,62
N_A,INR,PVBPA,N_A,FRA,GL_OP,S2388,2019-Q2,90
N_A,INR,VARSL,N_A,FRA,GL_OP,S2389,2019-Q2,2571
N_A,INR,VARA,N_A,FRA,GL_OP,S2390,2019-Q2,2582.95
N_A,N_A,REM,N_A,FRA,GL_OP,S2391,2019-Q2,LERODAENZH
N_A,N_A,REM,N_A,SWAP_CURRENCY,GL_OP,S2401,2019-Q2,DFGDFGJDFKG
N_A,INR,NPT,N_A,SWAP_CURRENCY_CROSSCURRENCYIRS,GL_OP,S2402,2019-Q2,2525.97
N_A,INR,NPOTDC,N_A,SWAP_CURRENCY_CROSSCURRENCYIRS,GL_OP,S2403,2019-Q2,2537.92
N_A,INR,CCE,N_A,SWAP_CURRENCY_CROSSCURRENCYIRS,GL_OP,S2404,2019-Q2,2549.87
N_A,INR,PFE,N_A,SWAP_CURRENCY_CROSSCURRENCYIRS,GL_OP,S2405,2019-Q2,2561.82
N_A,INR,NEGMTMV,N_A,SWAP_CURRENCY_CROSSCURRENCYIRS,GL_OP,S2406,2019-Q2,2573.77
N_A,INR,PVBPSL,N_A,SWAP_CURRENCY_CROSSCURRENCYIRS,GL_OP,S2407,2019-Q2,67
N_A,INR,PVBPA,N_A,SWAP_CURRENCY_CROSSCURRENCYIRS,GL_OP,S2408,2019-Q2,95
N_A,INR,VARSL,N_A,SWAP_CURRENCY_CROSSCURRENCYIRS,GL_OP,S2409,2019-Q2,2585.72
N_A,INR,VARA,N_A,SWAP_CURRENCY_CROSSCURRENCYIRS,GL_OP,S2410,2019-Q2,2597.67
N_A,N_A,REM,N_A,SWAP_CURRENCY_CROSSCURRENCYIRS,GL_OP,S2411,2019-Q2,MHIVVLRMXO
N_A,INR,NPT,N_A,SWAP_CURRENCY_FCYINRIRS,GL_OP,S2412,2019-Q2,2540.69
N_A,INR,NPOTDC,N_A,SWAP_CURRENCY_FCYINRIRS,GL_OP,S2413,2019-Q2,2552.64
N_A,INR,CCE,N_A,SWAP_CURRENCY_FCYINRIRS,GL_OP,S2414,2019-Q2,2564.59
N_A,INR,PFE,N_A,SWAP_CURRENCY_FCYINRIRS,GL_OP,S2415,2019-Q2,2576.54
N_A,INR,NEGMTMV,N_A,SWAP_CURRENCY_FCYINRIRS,GL_OP,S2416,2019-Q2,2588.49
N_A,INR,PVBPSL,N_A,SWAP_CURRENCY_FCYINRIRS,GL_OP,S2417,2019-Q2,72
N_A,INR,PVBPA,N_A,SWAP_CURRENCY_FCYINRIRS,GL_OP,S2418,2019-Q2,100
N_A,INR,VARSL,N_A,SWAP_CURRENCY_FCYINRIRS,GL_OP,S2419,2019-Q2,2600.44
N_A,INR,VARA,N_A,SWAP_CURRENCY_FCYINRIRS,GL_OP,S2420,2019-Q2,2612.39
N_A,N_A,REM,N_A,SWAP_CURRENCY_FCYINRIRS,GL_OP,S2421,2019-Q2,LAUOFQGSUA
N_A,N_A,REM,N_A,SWAP_INTEREST,GL_OP,S2431,2019-Q2,DFGDFGUIDFIUG
N_A,INR,NPT,N_A,SWAP_INTEREST_SINGLECURRENCYIRS,GL_OP,S2432,2019-Q2,2555.41
N_A,INR,NPOTDC,N_A,SWAP_INTEREST_SINGLECURRENCYIRS,GL_OP,S2433,2019-Q2,2567.36
N_A,INR,CCE,N_A,SWAP_INTEREST_SINGLECURRENCYIRS,GL_OP,S2434,2019-Q2,2579.31
N_A,INR,PFE,N_A,SWAP_INTEREST_SINGLECURRENCYIRS,GL_OP,S2435,2019-Q2,2591.26
N_A,INR,NEGMTMV,N_A,SWAP_INTEREST_SINGLECURRENCYIRS,GL_OP,S2436,2019-Q2,2603.21
N_A,INR,PVBPSL,N_A,SWAP_INTEREST_SINGLECURRENCYIRS,GL_OP,S2437,2019-Q2,77
N_A,INR,PVBPA,N_A,SWAP_INTEREST_SINGLECURRENCYIRS,GL_OP,S2438,2019-Q2,105
N_A,INR,VARSL,N_A,SWAP_INTEREST_SINGLECURRENCYIRS,GL_OP,S2439,2019-Q2,2615.16
N_A,INR,VARA,N_A,SWAP_INTEREST_SINGLECURRENCYIRS,GL_OP,S2440,2019-Q2,2627.11
N_A,N_A,REM,N_A,SWAP_INTEREST_SINGLECURRENCYIRS,GL_OP,S2441,2019-Q2,WEKPOZASSN
N_A,INR,NPT,N_A,SWAP_INTEREST_BASIS,GL_OP,S2442,2019-Q2,2570.13
N_A,INR,NPOTDC,N_A,SWAP_INTEREST_BASIS,GL_OP,S2443,2019-Q2,2582.08
N_A,INR,CCE,N_A,SWAP_INTEREST_BASIS,GL_OP,S2444,2019-Q2,2594.03
N_A,INR,PFE,N_A,SWAP_INTEREST_BASIS,GL_OP,S2445,2019-Q2,2605.98
N_A,INR,NEGMTMV,N_A,SWAP_INTEREST_BASIS,GL_OP,S2446,2019-Q2,2617.93
N_A,INR,PVBPSL,N_A,SWAP_INTEREST_BASIS,GL_OP,S2447,2019-Q2,82
N_A,INR,PVBPA,N_A,SWAP_INTEREST_BASIS,GL_OP,S2448,2019-Q2,110
N_A,INR,VARSL,N_A,SWAP_INTEREST_BASIS,GL_OP,S2449,2019-Q2,2629.88
N_A,INR,VARA,N_A,SWAP_INTEREST_BASIS,GL_OP,S2450,2019-Q2,2641.83
N_A,N_A,REM,N_A,SWAP_INTEREST_BASIS,GL_OP,S2451,2019-Q2,XKKYXSAOBK
N_A,N_A,REM,N_A,CDS,GL_OP,S2461,2019-Q2,DFGFKDGDFG
N_A,INR,NPT,N_A,CDS_SOLD,GL_OP,S2462,2019-Q2,2584.85
N_A,INR,NPOTDC,N_A,CDS_SOLD,GL_OP,S2463,2019-Q2,2596.8
N_A,INR,CCE,N_A,CDS_SOLD,GL_OP,S2464,2019-Q2,2608.75
N_A,INR,PFE,N_A,CDS_SOLD,GL_OP,S2465,2019-Q2,2620.7
N_A,INR,NEGMTMV,N_A,CDS_SOLD,GL_OP,S2466,2019-Q2,2632.65
N_A,INR,PVBPSL,N_A,CDS_SOLD,GL_OP,S2467,2019-Q2,87
N_A,INR,PVBPA,N_A,CDS_SOLD,GL_OP,S2468,2019-Q2,115
N_A,INR,VARSL,N_A,CDS_SOLD,GL_OP,S2469,2019-Q2,2644.6
N_A,INR,VARA,N_A,CDS_SOLD,GL_OP,S2470,2019-Q2,2656.55
N_A,N_A,REM,N_A,CDS_SOLD,GL_OP,S2471,2019-Q2,IKUPGY
N_A,INR,NPT,N_A,CDS_PURCHASE,GL_OP,S2472,2019-Q2,2599.57
N_A,INR,NPOTDC,N_A,CDS_PURCHASE,GL_OP,S2473,2019-Q2,2611.52
N_A,INR,CCE,N_A,CDS_PURCHASE,GL_OP,S2474,2019-Q2,2623.47
N_A,INR,PFE,N_A,CDS_PURCHASE,GL_OP,S2475,2019-Q2,2635.42
N_A,INR,NEGMTMV,N_A,CDS_PURCHASE,GL_OP,S2476,2019-Q2,2647.37
N_A,INR,PVBPSL,N_A,CDS_PURCHASE,GL_OP,S2477,2019-Q2,92
N_A,INR,PVBPA,N_A,CDS_PURCHASE,GL_OP,S2478,2019-Q2,120
N_A,INR,VARSL,N_A,CDS_PURCHASE,GL_OP,S2479,2019-Q2,2659.32
N_A,INR,VARA,N_A,CDS_PURCHASE,GL_OP,S2480,2019-Q2,2671.27
N_A,N_A,REM,N_A,CDS_PURCHASE,GL_OP,S2481,2019-Q2,KLOTGNFXGA
N_A,N_A,REM,N_A,OTH_CON,GL_OP,S2491,2019-Q2,GDFGDFJGFDOG
N_A,INR,NPT,etretetr,OTH_CON,GL_OP,S2492,2019-Q2,124891.08
N_A,INR,NPOTDC,etretetr,OTH_CON,GL_OP,S2493,2019-Q2,2626.24
N_A,INR,CCE,etretetr,OTH_CON,GL_OP,S2494,2019-Q2,2638.19
N_A,INR,PFE,etretetr,OTH_CON,GL_OP,S2495,2019-Q2,2650.14
N_A,INR,NEGMTMV,etretetr,OTH_CON,GL_OP,S2496,2019-Q2,2662.09
N_A,INR,PVBPSL,etretetr,OTH_CON,GL_OP,S2497,2019-Q2,97
N_A,INR,PVBPA,etretetr,OTH_CON,GL_OP,S2498,2019-Q2,125
N_A,INR,VARSL,etretetr,OTH_CON,GL_OP,S2499,2019-Q2,2674.04
N_A,INR,VARA,etretetr,OTH_CON,GL_OP,S2500,2019-Q2,2685.99
N_A,N_A,REM,etretetr,OTH_CON,GL_OP,S2501,2019-Q2,DFSFSD
N_A,N_A,REM,N_A,CONDER,GL_OP,S2511,2019-Q2,RERVE
