COMMENT,Currency,Time_Span,Measure_Type,Liability_List,INPUT,DEP_TYPE,Contingent_Liablities,Area_Operation,DMID,COUNTRY,BRNAME,TIME_PERIOD,OBS_VALUE
N_A,INR,N_A,TOTAL,INTBL,N_A,N_A,N_A,GL_OP,S1118,N_A,N_A,2019-Q2,110252.7
N_A,INR,N_A,TOWHF,INTBL,N_A,N_A,N_A,GL_OP,S1119,N_A,N_A,2019-Q2,106202.7
N_A,INR,N_A,TOTAL,INTBL,N_A,N_A,N_A,GL_OP,S1120,N_A,N_A,2019-Q2,111297.33
N_A,INR,N_A,TOWHF,INTBL,N_A,N_A,N_A,GL_OP,S1121,N_A,N_A,2019-Q2,107247.33
N_A,INR,N_A,TOTAL,INTBL,N_A,N_A,N_A,GL_OP,S1122,N_A,N_A,2019-Q2,112341.96
N_A,INR,N_A,TOWHF,INTBL,N_A,N_A,N_A,GL_OP,S1123,N_A,N_A,2019-Q2,108291.96
