Currency,COMMENT,TYPE_OF_EXPOSURE,SECUNSEC,NAME,Measure_Type,Loan_Type,DIRNAME,Bank_Type,Asset_Qual_Class,ASSET_CAT,Area_Operation,DMID,Time_Prd,TIME_PERIOD,OBS_VALUE
INR,N_A,N_A,N_A,N_A,TOTAL,NBBPD,N_A,N_A,N_A,N_A,GL_OP,S332,N_A,2019-Q2,33828.5
INR,N_A,N_A,N_A,N_A,TOWHF,NBBPD,N_A,N_A,N_A,N_A,GL_OP,S333,N_A,2019-Q2,31878.5
INR,N_A,N_A,N_A,N_A,TOTAL,NBBPD,N_A,N_A,N_A,N_A,GL_OP,S334,N_A,2019-Q2,43967.19
INR,N_A,N_A,N_A,N_A,TOWHF,NBBPD,N_A,N_A,N_A,N_A,GL_OP,S335,N_A,2019-Q2,32917.19
INR,N_A,N_A,N_A,N_A,TOTAL,NBBPD,N_A,N_A,N_A,N_A,GL_OP,S336,N_A,2019-Q2,53905.88
INR,N_A,N_A,N_A,N_A,TOWHF,NBBPD,N_A,N_A,N_A,N_A,GL_OP,S337,N_A,2019-Q2,32955.88
INR,N_A,N_A,N_A,N_A,TOTAL,NBDL,N_A,N_A,N_A,N_A,GL_OP,S338,N_A,2019-Q2,3043.22
INR,N_A,N_A,N_A,N_A,TOWHF,NBDL,N_A,N_A,N_A,N_A,GL_OP,S339,N_A,2019-Q2,2893.22
INR,N_A,N_A,N_A,N_A,TOTAL,NBDL,N_A,N_A,N_A,N_A,GL_OP,S340,N_A,2019-Q2,3081.91
INR,N_A,N_A,N_A,N_A,TOWHF,NBDL,N_A,N_A,N_A,N_A,GL_OP,S341,N_A,2019-Q2,2931.91
INR,N_A,N_A,N_A,N_A,TOTAL,NBDL,N_A,N_A,N_A,N_A,GL_OP,S342,N_A,2019-Q2,3120.6
INR,N_A,N_A,N_A,N_A,TOWHF,NBDL,N_A,N_A,N_A,N_A,GL_OP,S343,N_A,2019-Q2,2970.6
INR,N_A,N_A,N_A,N_A,TOTAL,NBTL,N_A,N_A,N_A,N_A,GL_OP,S344,N_A,2019-Q2,3057.94
INR,N_A,N_A,N_A,N_A,TOWHF,NBTL,N_A,N_A,N_A,N_A,GL_OP,S345,N_A,2019-Q2,2907.94
INR,N_A,N_A,N_A,N_A,TOTAL,NBTL,N_A,N_A,N_A,N_A,GL_OP,S346,N_A,2019-Q2,3096.63
INR,N_A,N_A,N_A,N_A,TOWHF,NBTL,N_A,N_A,N_A,N_A,GL_OP,S347,N_A,2019-Q2,2946.63
INR,N_A,N_A,N_A,N_A,TOTAL,NBTL,N_A,N_A,N_A,N_A,GL_OP,S348,N_A,2019-Q2,3135.32
INR,N_A,N_A,N_A,N_A,TOWHF,NBTL,N_A,N_A,N_A,N_A,GL_OP,S349,N_A,2019-Q2,2985.32
INR,N_A,N_A,N_A,N_A,TOTAL,NBI,N_A,N_A,N_A,N_A,GL_OP,S350,N_A,2019-Q2,3072.66
INR,N_A,N_A,N_A,N_A,TOWHF,NBI,N_A,N_A,N_A,N_A,GL_OP,S351,N_A,2019-Q2,2922.66
INR,N_A,N_A,N_A,N_A,TOTAL,NBI,N_A,N_A,N_A,N_A,GL_OP,S352,N_A,2019-Q2,3111.35
INR,N_A,N_A,N_A,N_A,TOWHF,NBI,N_A,N_A,N_A,N_A,GL_OP,S353,N_A,2019-Q2,2961.35
INR,N_A,N_A,N_A,N_A,TOTAL,NBI,N_A,N_A,N_A,N_A,GL_OP,S354,N_A,2019-Q2,3150.04
INR,N_A,N_A,N_A,N_A,TOWHF,NBI,N_A,N_A,N_A,N_A,GL_OP,S355,N_A,2019-Q2,3000.04
INR,N_A,N_A,N_A,N_A,TOTAL,NBBR,N_A,N_A,N_A,N_A,GL_OP,S356,N_A,2019-Q2,3087.38
INR,N_A,N_A,N_A,N_A,TOWHF,NBBR,N_A,N_A,N_A,N_A,GL_OP,S357,N_A,2019-Q2,2937.38
INR,N_A,N_A,N_A,N_A,TOTAL,NBBR,N_A,N_A,N_A,N_A,GL_OP,S358,N_A,2019-Q2,3126.07
INR,N_A,N_A,N_A,N_A,TOWHF,NBBR,N_A,N_A,N_A,N_A,GL_OP,S359,N_A,2019-Q2,2976.07
INR,N_A,N_A,N_A,N_A,TOTAL,NBBR,N_A,N_A,N_A,N_A,GL_OP,S360,N_A,2019-Q2,3164.76
INR,N_A,N_A,N_A,N_A,TOWHF,NBBR,N_A,N_A,N_A,N_A,GL_OP,S361,N_A,2019-Q2,3014.76
