COMMENT,Currency,NOR_DRVTS,Measure_Type,BNK_OR_TRAD,Area_Operation,DMID,TIME_PERIOD,OBS_VALUE
N_A,INR,RUPEE_FCFORWARD,TRBP,N_A,GL_OP,S1960,2019-Q2,2545.36
N_A,INR,RUPEE_FCFORWARD,TABR,N_A,GL_OP,S1961,2019-Q2,2557.31
N_A,INR,RUPEE_FCFORWARD,HABP,N_A,GL_OP,S1962,2019-Q2,2569.26
N_A,INR,RUPEE_FCFORWARD,HABR,N_A,GL_OP,S1963,2019-Q2,2581.21
N_A,INR,RUPEE_FCFORWARD,GRREC,TR_B,GL_OP,S1965,2019-Q2,2593.16
N_A,INR,RUPEE_FCFORWARD,GRREC,BK_B,GL_OP,S1966,2019-Q2,2605.11
N_A,INR,RUPEE_FCFORWARD,GRPD,TR_B,GL_OP,S1968,2019-Q2,2617.06
N_A,INR,RUPEE_FCFORWARD,GRPD,BK_B,GL_OP,S1969,2019-Q2,2629.01
N_A,INR,RUPEE_FCFORWARD,NPPVBP,N_A,GL_OP,S1972,2019-Q2,149
N_A,N_A,RUPEE_FCFORWARD,REM,N_A,GL_OP,S1973,2019-Q2,EJBGTJLSRN
N_A,N_A,IRSINR,REM,N_A,GL_OP,S1987,2019-Q2,VERER
N_A,INR,IRSINR_MIBOROIS_FIX,TRBP,N_A,GL_OP,S1988,2019-Q2,2560.08
N_A,INR,IRSINR_MIBOROIS_FIX,TABR,N_A,GL_OP,S1989,2019-Q2,2572.03
N_A,INR,IRSINR_MIBOROIS_FIX,HABP,N_A,GL_OP,S1990,2019-Q2,2583.98
N_A,INR,IRSINR_MIBOROIS_FIX,HABR,N_A,GL_OP,S1991,2019-Q2,2595.93
N_A,INR,IRSINR_MIBOROIS_FIX,GRREC,TR_B,GL_OP,S1993,2019-Q2,2607.88
N_A,INR,IRSINR_MIBOROIS_FIX,GRREC,BK_B,GL_OP,S1994,2019-Q2,2619.83
N_A,INR,IRSINR_MIBOROIS_FIX,GRPD,TR_B,GL_OP,S1996,2019-Q2,2631.78
N_A,INR,IRSINR_MIBOROIS_FIX,GRPD,BK_B,GL_OP,S1997,2019-Q2,2643.73
N_A,INR,IRSINR_MIBOROIS_FIX,NPPVBP,N_A,GL_OP,S2000,2019-Q2,154
N_A,N_A,IRSINR_MIBOROIS_FIX,REM,N_A,GL_OP,S2001,2019-Q2,QJZZYETEYB
N_A,INR,IRSINR_MIBOROIS_FLOAT,TRBP,N_A,GL_OP,S2002,2019-Q2,2574.8
N_A,INR,IRSINR_MIBOROIS_FLOAT,TABR,N_A,GL_OP,S2003,2019-Q2,2586.75
N_A,INR,IRSINR_MIBOROIS_FLOAT,HABP,N_A,GL_OP,S2004,2019-Q2,2598.7
N_A,INR,IRSINR_MIBOROIS_FLOAT,HABR,N_A,GL_OP,S2005,2019-Q2,2610.65
N_A,INR,IRSINR_MIBOROIS_FLOAT,GRREC,TR_B,GL_OP,S2007,2019-Q2,2622.6
N_A,INR,IRSINR_MIBOROIS_FLOAT,GRREC,BK_B,GL_OP,S2008,2019-Q2,2634.55
N_A,INR,IRSINR_MIBOROIS_FLOAT,GRPD,TR_B,GL_OP,S2010,2019-Q2,2646.5
N_A,INR,IRSINR_MIBOROIS_FLOAT,GRPD,BK_B,GL_OP,S2011,2019-Q2,2658.45
N_A,INR,IRSINR_MIBOROIS_FLOAT,NPPVBP,N_A,GL_OP,S2014,2019-Q2,159
N_A,N_A,IRSINR_MIBOROIS_FLOAT,REM,N_A,GL_OP,S2015,2019-Q2,HNONUZMSAE
N_A,INR,IRSINR_INBMKINCMT_FIX,TRBP,N_A,GL_OP,S2016,2019-Q2,2589.52
N_A,INR,IRSINR_INBMKINCMT_FIX,TABR,N_A,GL_OP,S2017,2019-Q2,2601.47
N_A,INR,IRSINR_INBMKINCMT_FIX,HABP,N_A,GL_OP,S2018,2019-Q2,2613.42
N_A,INR,IRSINR_INBMKINCMT_FIX,HABR,N_A,GL_OP,S2019,2019-Q2,2625.37
N_A,INR,IRSINR_INBMKINCMT_FIX,GRREC,TR_B,GL_OP,S2021,2019-Q2,2637.32
N_A,INR,IRSINR_INBMKINCMT_FIX,GRREC,BK_B,GL_OP,S2022,2019-Q2,2649.27
N_A,INR,IRSINR_INBMKINCMT_FIX,GRPD,TR_B,GL_OP,S2024,2019-Q2,2661.22
N_A,INR,IRSINR_INBMKINCMT_FIX,GRPD,BK_B,GL_OP,S2025,2019-Q2,2673.17
N_A,INR,IRSINR_INBMKINCMT_FIX,NPPVBP,N_A,GL_OP,S2028,2019-Q2,164
N_A,N_A,IRSINR_INBMKINCMT_FIX,REM,N_A,GL_OP,S2029,2019-Q2,HMBABYWLMS
N_A,INR,IRSINR_INBMKINCMT_FLOAT,TRBP,N_A,GL_OP,S2030,2019-Q2,2604.24
N_A,INR,IRSINR_INBMKINCMT_FLOAT,TABR,N_A,GL_OP,S2031,2019-Q2,2616.19
N_A,INR,IRSINR_INBMKINCMT_FLOAT,HABP,N_A,GL_OP,S2032,2019-Q2,2628.14
N_A,INR,IRSINR_INBMKINCMT_FLOAT,HABR,N_A,GL_OP,S2033,2019-Q2,2640.09
N_A,INR,IRSINR_INBMKINCMT_FLOAT,GRREC,TR_B,GL_OP,S2035,2019-Q2,2652.04
N_A,INR,IRSINR_INBMKINCMT_FLOAT,GRREC,BK_B,GL_OP,S2036,2019-Q2,2663.99
N_A,INR,IRSINR_INBMKINCMT_FLOAT,GRPD,TR_B,GL_OP,S2038,2019-Q2,2675.94
N_A,INR,IRSINR_INBMKINCMT_FLOAT,GRPD,BK_B,GL_OP,S2039,2019-Q2,2687.89
N_A,INR,IRSINR_INBMKINCMT_FLOAT,NPPVBP,N_A,GL_OP,S2042,2019-Q2,169
N_A,N_A,IRSINR_INBMKINCMT_FLOAT,REM,N_A,GL_OP,S2043,2019-Q2,SPMTYPKODN
N_A,INR,IRSINR_MIFORMIOCSMITOR_FIX,TRBP,N_A,GL_OP,S2044,2019-Q2,2618.96
N_A,INR,IRSINR_MIFORMIOCSMITOR_FIX,TABR,N_A,GL_OP,S2045,2019-Q2,2630.91
N_A,INR,IRSINR_MIFORMIOCSMITOR_FIX,HABP,N_A,GL_OP,S2046,2019-Q2,2642.86
N_A,INR,IRSINR_MIFORMIOCSMITOR_FIX,HABR,N_A,GL_OP,S2047,2019-Q2,2654.81
N_A,INR,IRSINR_MIFORMIOCSMITOR_FIX,GRREC,TR_B,GL_OP,S2049,2019-Q2,2666.76
N_A,INR,IRSINR_MIFORMIOCSMITOR_FIX,GRREC,BK_B,GL_OP,S2050,2019-Q2,2678.71
N_A,INR,IRSINR_MIFORMIOCSMITOR_FIX,GRPD,TR_B,GL_OP,S2052,2019-Q2,2690.66
N_A,INR,IRSINR_MIFORMIOCSMITOR_FIX,GRPD,BK_B,GL_OP,S2053,2019-Q2,2702.61
N_A,INR,IRSINR_MIFORMIOCSMITOR_FIX,NPPVBP,N_A,GL_OP,S2056,2019-Q2,174
N_A,N_A,IRSINR_MIFORMIOCSMITOR_FIX,REM,N_A,GL_OP,S2057,2019-Q2,MPXPKYSXFX
N_A,INR,IRSINR_MIFORMIOCSMITOR_FLOAT,TRBP,N_A,GL_OP,S2058,2019-Q2,2633.68
N_A,INR,IRSINR_MIFORMIOCSMITOR_FLOAT,TABR,N_A,GL_OP,S2059,2019-Q2,2645.63
N_A,INR,IRSINR_MIFORMIOCSMITOR_FLOAT,HABP,N_A,GL_OP,S2060,2019-Q2,2657.58
N_A,INR,IRSINR_MIFORMIOCSMITOR_FLOAT,HABR,N_A,GL_OP,S2061,2019-Q2,2669.53
N_A,INR,IRSINR_MIFORMIOCSMITOR_FLOAT,GRREC,TR_B,GL_OP,S2063,2019-Q2,2681.48
N_A,INR,IRSINR_MIFORMIOCSMITOR_FLOAT,GRREC,BK_B,GL_OP,S2064,2019-Q2,2693.43
N_A,INR,IRSINR_MIFORMIOCSMITOR_FLOAT,GRPD,TR_B,GL_OP,S2066,2019-Q2,2705.38
N_A,INR,IRSINR_MIFORMIOCSMITOR_FLOAT,GRPD,BK_B,GL_OP,S2067,2019-Q2,2717.33
N_A,INR,IRSINR_MIFORMIOCSMITOR_FLOAT,NPPVBP,N_A,GL_OP,S2070,2019-Q2,179
N_A,N_A,IRSINR_MIFORMIOCSMITOR_FLOAT,REM,N_A,GL_OP,S2071,2019-Q2,UNTQNQCOQM
N_A,INR,IRSINR_OTH_FIX,TRBP,N_A,GL_OP,S2072,2019-Q2,2648.4
N_A,INR,IRSINR_OTH_FIX,TABR,N_A,GL_OP,S2073,2019-Q2,2660.35
N_A,INR,IRSINR_OTH_FIX,HABP,N_A,GL_OP,S2074,2019-Q2,2672.3
N_A,INR,IRSINR_OTH_FIX,HABR,N_A,GL_OP,S2075,2019-Q2,2684.25
N_A,INR,IRSINR_OTH_FIX,GRREC,TR_B,GL_OP,S2077,2019-Q2,2696.2
N_A,INR,IRSINR_OTH_FIX,GRREC,BK_B,GL_OP,S2078,2019-Q2,2708.15
N_A,INR,IRSINR_OTH_FIX,GRPD,TR_B,GL_OP,S2080,2019-Q2,2720.1
N_A,INR,IRSINR_OTH_FIX,GRPD,BK_B,GL_OP,S2081,2019-Q2,2732.05
N_A,INR,IRSINR_OTH_FIX,NPPVBP,N_A,GL_OP,S2084,2019-Q2,184
N_A,N_A,IRSINR_OTH_FIX,REM,N_A,GL_OP,S2085,2019-Q2,YXVARSCSDD
N_A,INR,IRSINR_OTH_FLOAT,TRBP,N_A,GL_OP,S2086,2019-Q2,2663.12
N_A,INR,IRSINR_OTH_FLOAT,TABR,N_A,GL_OP,S2087,2019-Q2,2675.07
N_A,INR,IRSINR_OTH_FLOAT,HABP,N_A,GL_OP,S2088,2019-Q2,2687.02
N_A,INR,IRSINR_OTH_FLOAT,HABR,N_A,GL_OP,S2089,2019-Q2,2698.97
N_A,INR,IRSINR_OTH_FLOAT,GRREC,TR_B,GL_OP,S2091,2019-Q2,2710.92
N_A,INR,IRSINR_OTH_FLOAT,GRREC,BK_B,GL_OP,S2092,2019-Q2,2722.87
N_A,INR,IRSINR_OTH_FLOAT,GRPD,TR_B,GL_OP,S2094,2019-Q2,2734.82
N_A,INR,IRSINR_OTH_FLOAT,GRPD,BK_B,GL_OP,S2095,2019-Q2,2746.77
N_A,INR,IRSINR_OTH_FLOAT,NPPVBP,N_A,GL_OP,S2098,2019-Q2,189
N_A,N_A,IRSINR_OTH_FLOAT,REM,N_A,GL_OP,S2099,2019-Q2,OAUSGVPTRM
N_A,INR,CDS_PRMPAID,TRBP,N_A,GL_OP,S2100,2019-Q2,2677.84
N_A,INR,CDS_PRMPAID,TABR,N_A,GL_OP,S2101,2019-Q2,2689.79
N_A,INR,CDS_PRMPAID,HABP,N_A,GL_OP,S2102,2019-Q2,2701.74
N_A,INR,CDS_PRMPAID,HABR,N_A,GL_OP,S2103,2019-Q2,2713.69
N_A,INR,CDS_PRMPAID,GRREC,TR_B,GL_OP,S2105,2019-Q2,2725.64
N_A,INR,CDS_PRMPAID,GRREC,BK_B,GL_OP,S2106,2019-Q2,2737.59
N_A,INR,CDS_PRMPAID,GRPD,TR_B,GL_OP,S2108,2019-Q2,2749.54
N_A,INR,CDS_PRMPAID,GRPD,BK_B,GL_OP,S2109,2019-Q2,2761.49
N_A,INR,CDS_PRMPAID,NPPVBP,N_A,GL_OP,S2112,2019-Q2,194
N_A,N_A,CDS_PRMPAID,REM,N_A,GL_OP,S2113,2019-Q2,FHCWPJDCIE
N_A,INR,CDS_PRMRECVD,TRBP,N_A,GL_OP,S2114,2019-Q2,2692.56
N_A,INR,CDS_PRMRECVD,TABR,N_A,GL_OP,S2115,2019-Q2,2704.51
N_A,INR,CDS_PRMRECVD,HABP,N_A,GL_OP,S2116,2019-Q2,2716.46
N_A,INR,CDS_PRMRECVD,HABR,N_A,GL_OP,S2117,2019-Q2,2728.41
N_A,INR,CDS_PRMRECVD,GRREC,TR_B,GL_OP,S2119,2019-Q2,2740.36
N_A,INR,CDS_PRMRECVD,GRREC,BK_B,GL_OP,S2120,2019-Q2,2752.31
N_A,INR,CDS_PRMRECVD,GRPD,TR_B,GL_OP,S2122,2019-Q2,2764.26
N_A,INR,CDS_PRMRECVD,GRPD,BK_B,GL_OP,S2123,2019-Q2,2776.21
N_A,INR,CDS_PRMRECVD,NPPVBP,N_A,GL_OP,S2126,2019-Q2,199
N_A,N_A,CDS_PRMRECVD,REM,N_A,GL_OP,S2127,2019-Q2,ZZGBDINJJV
N_A,N_A,TIRSINR,REM,N_A,GL_OP,S2141,2019-Q2,DNJYRBCIYU
N_A,N_A,IRSFCY,REM,N_A,GL_OP,S2155,2019-Q2,PBZEXUGWMP
N_A,INR,IRSFCY_LIBOR,TRBP,N_A,GL_OP,S2156,2019-Q2,2707.28
N_A,INR,IRSFCY_LIBOR,TABR,N_A,GL_OP,S2157,2019-Q2,2719.23
N_A,INR,IRSFCY_LIBOR,HABP,N_A,GL_OP,S2158,2019-Q2,2731.18
N_A,INR,IRSFCY_LIBOR,HABR,N_A,GL_OP,S2159,2019-Q2,2743.13
N_A,INR,IRSFCY_LIBOR,GRREC,TR_B,GL_OP,S2161,2019-Q2,2755.08
N_A,INR,IRSFCY_LIBOR,GRREC,BK_B,GL_OP,S2162,2019-Q2,2767.03
N_A,INR,IRSFCY_LIBOR,GRPD,TR_B,GL_OP,S2164,2019-Q2,2778.98
N_A,INR,IRSFCY_LIBOR,GRPD,BK_B,GL_OP,S2165,2019-Q2,2790.93
N_A,INR,IRSFCY_LIBOR,NPPVBP,N_A,GL_OP,S2168,2019-Q2,204
N_A,N_A,IRSFCY_LIBOR,REM,N_A,GL_OP,S2169,2019-Q2,LWXQOXTWVZ
N_A,INR,IRSFCY_OTH,TRBP,N_A,GL_OP,S2170,2019-Q2,2722
N_A,INR,IRSFCY_OTH,TABR,N_A,GL_OP,S2171,2019-Q2,2733.95
N_A,INR,IRSFCY_OTH,HABP,N_A,GL_OP,S2172,2019-Q2,2745.9
N_A,INR,IRSFCY_OTH,HABR,N_A,GL_OP,S2173,2019-Q2,2757.85
N_A,INR,IRSFCY_OTH,GRREC,TR_B,GL_OP,S2175,2019-Q2,2769.8
N_A,INR,IRSFCY_OTH,GRREC,BK_B,GL_OP,S2176,2019-Q2,2781.75
N_A,INR,IRSFCY_OTH,GRPD,TR_B,GL_OP,S2178,2019-Q2,2793.7
N_A,INR,IRSFCY_OTH,GRPD,BK_B,GL_OP,S2179,2019-Q2,2805.65
N_A,INR,IRSFCY_OTH,NPPVBP,N_A,GL_OP,S2182,2019-Q2,209
N_A,N_A,IRSFCY_OTH,REM,N_A,GL_OP,S2183,2019-Q2,PHEQQALPRL
N_A,N_A,TIRSINRFCY,REM,N_A,GL_OP,S2197,2019-Q2,FSDFE
N_A,INR,NETWORTH_LASTMARCH,TRBP,N_A,GL_OP,S2198,2019-Q2,2736.72
N_A,INR,NETWORTH_LASTMARCH,TABR,N_A,GL_OP,S2199,2019-Q2,2748.67
N_A,INR,NETWORTH_LASTMARCH,HABP,N_A,GL_OP,S2200,2019-Q2,2760.62
N_A,INR,NETWORTH_LASTMARCH,HABR,N_A,GL_OP,S2201,2019-Q2,2772.57
N_A,INR,NETWORTH_LASTMARCH,GRREC,TR_B,GL_OP,S2203,2019-Q2,2784.52
N_A,INR,NETWORTH_LASTMARCH,GRREC,BK_B,GL_OP,S2204,2019-Q2,2796.47
N_A,INR,NETWORTH_LASTMARCH,GRPD,TR_B,GL_OP,S2206,2019-Q2,2808.42
N_A,INR,NETWORTH_LASTMARCH,GRPD,BK_B,GL_OP,S2207,2019-Q2,2820.37
N_A,INR,NETWORTH_LASTMARCH,NPPVBP,N_A,GL_OP,S2210,2019-Q2,214
N_A,N_A,NETWORTH_LASTMARCH,REM,N_A,GL_OP,S2211,2019-Q2,YKXOMKHPAY
N_A,INR,PVBP,TRBP,N_A,GL_OP,S2212,2019-Q2,2751.44
N_A,INR,PVBP,TABR,N_A,GL_OP,S2213,2019-Q2,2763.39
N_A,INR,PVBP,HABP,N_A,GL_OP,S2214,2019-Q2,2775.34
N_A,INR,PVBP,HABR,N_A,GL_OP,S2215,2019-Q2,2787.29
N_A,INR,PVBP,GRREC,TR_B,GL_OP,S2217,2019-Q2,2799.24
N_A,INR,PVBP,GRREC,BK_B,GL_OP,S2218,2019-Q2,2811.19
N_A,INR,PVBP,GRPD,TR_B,GL_OP,S2220,2019-Q2,2823.14
N_A,INR,PVBP,GRPD,BK_B,GL_OP,S2221,2019-Q2,2835.09
N_A,INR,PVBP,NPPVBP,N_A,GL_OP,S2224,2019-Q2,219
N_A,N_A,PVBP,REM,N_A,GL_OP,S2225,2019-Q2,XBRBWBOKAW
N_A,N_A,IRS_FCY_IN_USD,REM,N_A,GL_OP,S2239,2019-Q2,VRWERWE
N_A,INR,IRS_FCY_IN_USD_LIBOR,TRBP,N_A,GL_OP,S2240,2019-Q2,2766.16
N_A,INR,IRS_FCY_IN_USD_LIBOR,TABR,N_A,GL_OP,S2241,2019-Q2,2778.11
N_A,INR,IRS_FCY_IN_USD_LIBOR,HABP,N_A,GL_OP,S2242,2019-Q2,2790.06
N_A,INR,IRS_FCY_IN_USD_LIBOR,HABR,N_A,GL_OP,S2243,2019-Q2,2802.01
N_A,INR,IRS_FCY_IN_USD_LIBOR,GRREC,TR_B,GL_OP,S2245,2019-Q2,2813.96
N_A,INR,IRS_FCY_IN_USD_LIBOR,GRREC,BK_B,GL_OP,S2246,2019-Q2,2825.91
N_A,INR,IRS_FCY_IN_USD_LIBOR,GRPD,TR_B,GL_OP,S2248,2019-Q2,2837.86
N_A,INR,IRS_FCY_IN_USD_LIBOR,GRPD,BK_B,GL_OP,S2249,2019-Q2,2849.81
N_A,INR,IRS_FCY_IN_USD_LIBOR,NPPVBP,N_A,GL_OP,S2252,2019-Q2,224
N_A,N_A,IRS_FCY_IN_USD_LIBOR,REM,N_A,GL_OP,S2253,2019-Q2,CVWXSDPCDO
N_A,INR,IRS_FCY_IN_USD_OTH,TRBP,N_A,GL_OP,S2254,2019-Q2,2780.88
N_A,INR,IRS_FCY_IN_USD_OTH,TABR,N_A,GL_OP,S2255,2019-Q2,2792.83
N_A,INR,IRS_FCY_IN_USD_OTH,HABP,N_A,GL_OP,S2256,2019-Q2,2804.78
N_A,INR,IRS_FCY_IN_USD_OTH,HABR,N_A,GL_OP,S2257,2019-Q2,2816.73
N_A,INR,IRS_FCY_IN_USD_OTH,GRREC,TR_B,GL_OP,S2259,2019-Q2,2828.68
N_A,INR,IRS_FCY_IN_USD_OTH,GRREC,BK_B,GL_OP,S2260,2019-Q2,2840.63
N_A,INR,IRS_FCY_IN_USD_OTH,GRPD,TR_B,GL_OP,S2262,2019-Q2,2852.58
N_A,INR,IRS_FCY_IN_USD_OTH,GRPD,BK_B,GL_OP,S2263,2019-Q2,2864.53
N_A,INR,IRS_FCY_IN_USD_OTH,NPPVBP,N_A,GL_OP,S2266,2019-Q2,229
N_A,N_A,IRS_FCY_IN_USD_OTH,REM,N_A,GL_OP,S2267,2019-Q2,PKANQGWKGB
N_A,INR,RUPEE_FCFORWARD,TRBP,N_A,GL_OP,S2512,2019-Q2,2640.96
N_A,INR,RUPEE_FCFORWARD,TABR,N_A,GL_OP,S2513,2019-Q2,2652.91
N_A,INR,RUPEE_FCFORWARD,HABP,N_A,GL_OP,S2514,2019-Q2,2664.86
N_A,INR,RUPEE_FCFORWARD,HABR,N_A,GL_OP,S2515,2019-Q2,2676.81
N_A,INR,RUPEE_FCFORWARD,GRREC,TR_B,GL_OP,S2517,2019-Q2,2688.76
N_A,INR,RUPEE_FCFORWARD,GRREC,BK_B,GL_OP,S2518,2019-Q2,2700.71
N_A,INR,RUPEE_FCFORWARD,GRPD,TR_B,GL_OP,S2520,2019-Q2,2712.66
N_A,INR,RUPEE_FCFORWARD,GRPD,BK_B,GL_OP,S2521,2019-Q2,2724.61
N_A,INR,RUPEE_FCFORWARD,NPPVBP,N_A,GL_OP,S2524,2019-Q2,177
N_A,N_A,RUPEE_FCFORWARD,REM,N_A,GL_OP,S2525,2019-Q2,KLUSOIUSD
N_A,N_A,IRSINR,REM,N_A,GL_OP,S2539,2019-Q2,SKUDIUD
N_A,INR,IRSINR_MIBOROIS_FIX,TRBP,N_A,GL_OP,S2540,2019-Q2,2655.68
N_A,INR,IRSINR_MIBOROIS_FIX,TABR,N_A,GL_OP,S2541,2019-Q2,2667.63
N_A,INR,IRSINR_MIBOROIS_FIX,HABP,N_A,GL_OP,S2542,2019-Q2,2679.58
N_A,INR,IRSINR_MIBOROIS_FIX,HABR,N_A,GL_OP,S2543,2019-Q2,2691.53
N_A,INR,IRSINR_MIBOROIS_FIX,GRREC,TR_B,GL_OP,S2545,2019-Q2,2703.48
N_A,INR,IRSINR_MIBOROIS_FIX,GRREC,BK_B,GL_OP,S2546,2019-Q2,2715.43
N_A,INR,IRSINR_MIBOROIS_FIX,GRPD,TR_B,GL_OP,S2548,2019-Q2,2727.38
N_A,INR,IRSINR_MIBOROIS_FIX,GRPD,BK_B,GL_OP,S2549,2019-Q2,2739.33
N_A,INR,IRSINR_MIBOROIS_FIX,NPPVBP,N_A,GL_OP,S2552,2019-Q2,182
N_A,N_A,IRSINR_MIBOROIS_FIX,REM,N_A,GL_OP,S2553,2019-Q2,RMVUGTGXXU
N_A,INR,IRSINR_MIBOROIS_FLOAT,TRBP,N_A,GL_OP,S2554,2019-Q2,2670.4
N_A,INR,IRSINR_MIBOROIS_FLOAT,TABR,N_A,GL_OP,S2555,2019-Q2,2682.35
N_A,INR,IRSINR_MIBOROIS_FLOAT,HABP,N_A,GL_OP,S2556,2019-Q2,2694.3
N_A,INR,IRSINR_MIBOROIS_FLOAT,HABR,N_A,GL_OP,S2557,2019-Q2,2706.25
N_A,INR,IRSINR_MIBOROIS_FLOAT,GRREC,TR_B,GL_OP,S2559,2019-Q2,2718.2
N_A,INR,IRSINR_MIBOROIS_FLOAT,GRREC,BK_B,GL_OP,S2560,2019-Q2,2730.15
N_A,INR,IRSINR_MIBOROIS_FLOAT,GRPD,TR_B,GL_OP,S2562,2019-Q2,2742.1
N_A,INR,IRSINR_MIBOROIS_FLOAT,GRPD,BK_B,GL_OP,S2563,2019-Q2,2754.05
N_A,INR,IRSINR_MIBOROIS_FLOAT,NPPVBP,N_A,GL_OP,S2566,2019-Q2,187
N_A,N_A,IRSINR_MIBOROIS_FLOAT,REM,N_A,GL_OP,S2567,2019-Q2,UEZONLVRHK
N_A,INR,IRSINR_INBMKINCMT_FIX,TRBP,N_A,GL_OP,S2568,2019-Q2,2685.12
N_A,INR,IRSINR_INBMKINCMT_FIX,TABR,N_A,GL_OP,S2569,2019-Q2,2697.07
N_A,INR,IRSINR_INBMKINCMT_FIX,HABP,N_A,GL_OP,S2570,2019-Q2,2709.02
N_A,INR,IRSINR_INBMKINCMT_FIX,HABR,N_A,GL_OP,S2571,2019-Q2,2720.97
N_A,INR,IRSINR_INBMKINCMT_FIX,GRREC,TR_B,GL_OP,S2573,2019-Q2,2732.92
N_A,INR,IRSINR_INBMKINCMT_FIX,GRREC,BK_B,GL_OP,S2574,2019-Q2,2744.87
N_A,INR,IRSINR_INBMKINCMT_FIX,GRPD,TR_B,GL_OP,S2576,2019-Q2,2756.82
N_A,INR,IRSINR_INBMKINCMT_FIX,GRPD,BK_B,GL_OP,S2577,2019-Q2,2768.77
N_A,INR,IRSINR_INBMKINCMT_FIX,NPPVBP,N_A,GL_OP,S2580,2019-Q2,192
N_A,N_A,IRSINR_INBMKINCMT_FIX,REM,N_A,GL_OP,S2581,2019-Q2,ADTBFCCTUM
N_A,INR,IRSINR_INBMKINCMT_FLOAT,TRBP,N_A,GL_OP,S2582,2019-Q2,2699.84
N_A,INR,IRSINR_INBMKINCMT_FLOAT,TABR,N_A,GL_OP,S2583,2019-Q2,2711.79
N_A,INR,IRSINR_INBMKINCMT_FLOAT,HABP,N_A,GL_OP,S2584,2019-Q2,2723.74
N_A,INR,IRSINR_INBMKINCMT_FLOAT,HABR,N_A,GL_OP,S2585,2019-Q2,2735.69
N_A,INR,IRSINR_INBMKINCMT_FLOAT,GRREC,TR_B,GL_OP,S2587,2019-Q2,2747.64
N_A,INR,IRSINR_INBMKINCMT_FLOAT,GRREC,BK_B,GL_OP,S2588,2019-Q2,2759.59
N_A,INR,IRSINR_INBMKINCMT_FLOAT,GRPD,TR_B,GL_OP,S2590,2019-Q2,2771.54
N_A,INR,IRSINR_INBMKINCMT_FLOAT,GRPD,BK_B,GL_OP,S2591,2019-Q2,2783.49
N_A,INR,IRSINR_INBMKINCMT_FLOAT,NPPVBP,N_A,GL_OP,S2594,2019-Q2,197
N_A,N_A,IRSINR_INBMKINCMT_FLOAT,REM,N_A,GL_OP,S2595,2019-Q2,IOCUVCREQT
N_A,INR,IRSINR_MIFORMIOCSMITOR_FIX,TRBP,N_A,GL_OP,S2596,2019-Q2,2714.56
N_A,INR,IRSINR_MIFORMIOCSMITOR_FIX,TABR,N_A,GL_OP,S2597,2019-Q2,2726.51
N_A,INR,IRSINR_MIFORMIOCSMITOR_FIX,HABP,N_A,GL_OP,S2598,2019-Q2,2738.46
N_A,INR,IRSINR_MIFORMIOCSMITOR_FIX,HABR,N_A,GL_OP,S2599,2019-Q2,2750.41
N_A,INR,IRSINR_MIFORMIOCSMITOR_FIX,GRREC,TR_B,GL_OP,S2601,2019-Q2,2762.36
N_A,INR,IRSINR_MIFORMIOCSMITOR_FIX,GRREC,BK_B,GL_OP,S2602,2019-Q2,2774.31
N_A,INR,IRSINR_MIFORMIOCSMITOR_FIX,GRPD,TR_B,GL_OP,S2604,2019-Q2,2786.26
N_A,INR,IRSINR_MIFORMIOCSMITOR_FIX,GRPD,BK_B,GL_OP,S2605,2019-Q2,2798.21
N_A,INR,IRSINR_MIFORMIOCSMITOR_FIX,NPPVBP,N_A,GL_OP,S2608,2019-Q2,202
N_A,N_A,IRSINR_MIFORMIOCSMITOR_FIX,REM,N_A,GL_OP,S2609,2019-Q2,SFXSZFLGKF
N_A,INR,IRSINR_MIFORMIOCSMITOR_FLOAT,TRBP,N_A,GL_OP,S2610,2019-Q2,2729.28
N_A,INR,IRSINR_MIFORMIOCSMITOR_FLOAT,TABR,N_A,GL_OP,S2611,2019-Q2,2741.23
N_A,INR,IRSINR_MIFORMIOCSMITOR_FLOAT,HABP,N_A,GL_OP,S2612,2019-Q2,2753.18
N_A,INR,IRSINR_MIFORMIOCSMITOR_FLOAT,HABR,N_A,GL_OP,S2613,2019-Q2,2765.13
N_A,INR,IRSINR_MIFORMIOCSMITOR_FLOAT,GRREC,TR_B,GL_OP,S2615,2019-Q2,2777.08
N_A,INR,IRSINR_MIFORMIOCSMITOR_FLOAT,GRREC,BK_B,GL_OP,S2616,2019-Q2,2789.03
N_A,INR,IRSINR_MIFORMIOCSMITOR_FLOAT,GRPD,TR_B,GL_OP,S2618,2019-Q2,2800.98
N_A,INR,IRSINR_MIFORMIOCSMITOR_FLOAT,GRPD,BK_B,GL_OP,S2619,2019-Q2,2812.93
N_A,INR,IRSINR_MIFORMIOCSMITOR_FLOAT,NPPVBP,N_A,GL_OP,S2622,2019-Q2,207
N_A,N_A,IRSINR_MIFORMIOCSMITOR_FLOAT,REM,N_A,GL_OP,S2623,2019-Q2,WFPYIGLLVC
N_A,INR,IRSINR_OTH_FIX,TRBP,N_A,GL_OP,S2624,2019-Q2,2744
N_A,INR,IRSINR_OTH_FIX,TABR,N_A,GL_OP,S2625,2019-Q2,2755.95
N_A,INR,IRSINR_OTH_FIX,HABP,N_A,GL_OP,S2626,2019-Q2,2767.9
N_A,INR,IRSINR_OTH_FIX,HABR,N_A,GL_OP,S2627,2019-Q2,2779.85
N_A,INR,IRSINR_OTH_FIX,GRREC,TR_B,GL_OP,S2629,2019-Q2,2791.8
N_A,INR,IRSINR_OTH_FIX,GRREC,BK_B,GL_OP,S2630,2019-Q2,2803.75
N_A,INR,IRSINR_OTH_FIX,GRPD,TR_B,GL_OP,S2632,2019-Q2,2815.7
N_A,INR,IRSINR_OTH_FIX,GRPD,BK_B,GL_OP,S2633,2019-Q2,2827.65
N_A,INR,IRSINR_OTH_FIX,NPPVBP,N_A,GL_OP,S2636,2019-Q2,212
N_A,N_A,IRSINR_OTH_FIX,REM,N_A,GL_OP,S2637,2019-Q2,CJBNSBJFPR
N_A,INR,IRSINR_OTH_FLOAT,TRBP,N_A,GL_OP,S2638,2019-Q2,2758.72
N_A,INR,IRSINR_OTH_FLOAT,TABR,N_A,GL_OP,S2639,2019-Q2,2770.67
N_A,INR,IRSINR_OTH_FLOAT,HABP,N_A,GL_OP,S2640,2019-Q2,2782.62
N_A,INR,IRSINR_OTH_FLOAT,HABR,N_A,GL_OP,S2641,2019-Q2,2794.57
N_A,INR,IRSINR_OTH_FLOAT,GRREC,TR_B,GL_OP,S2643,2019-Q2,2806.52
N_A,INR,IRSINR_OTH_FLOAT,GRREC,BK_B,GL_OP,S2644,2019-Q2,2818.47
N_A,INR,IRSINR_OTH_FLOAT,GRPD,TR_B,GL_OP,S2646,2019-Q2,2830.42
N_A,INR,IRSINR_OTH_FLOAT,GRPD,BK_B,GL_OP,S2647,2019-Q2,2842.37
N_A,INR,IRSINR_OTH_FLOAT,NPPVBP,N_A,GL_OP,S2650,2019-Q2,217
N_A,N_A,IRSINR_OTH_FLOAT,REM,N_A,GL_OP,S2651,2019-Q2,CXVFKJILAL
N_A,INR,CDS_PRMPAID,TRBP,N_A,GL_OP,S2652,2019-Q2,2773.44
N_A,INR,CDS_PRMPAID,TABR,N_A,GL_OP,S2653,2019-Q2,2785.39
N_A,INR,CDS_PRMPAID,HABP,N_A,GL_OP,S2654,2019-Q2,2797.34
N_A,INR,CDS_PRMPAID,HABR,N_A,GL_OP,S2655,2019-Q2,2809.29
N_A,INR,CDS_PRMPAID,GRREC,TR_B,GL_OP,S2657,2019-Q2,2821.24
N_A,INR,CDS_PRMPAID,GRREC,BK_B,GL_OP,S2658,2019-Q2,2833.19
N_A,INR,CDS_PRMPAID,GRPD,TR_B,GL_OP,S2660,2019-Q2,2845.14
N_A,INR,CDS_PRMPAID,GRPD,BK_B,GL_OP,S2661,2019-Q2,2857.09
N_A,INR,CDS_PRMPAID,NPPVBP,N_A,GL_OP,S2664,2019-Q2,222
N_A,N_A,CDS_PRMPAID,REM,N_A,GL_OP,S2665,2019-Q2,UIWGKGCSWM
N_A,INR,CDS_PRMRECVD,TRBP,N_A,GL_OP,S2666,2019-Q2,2788.16
N_A,INR,CDS_PRMRECVD,TABR,N_A,GL_OP,S2667,2019-Q2,2800.11
N_A,INR,CDS_PRMRECVD,HABP,N_A,GL_OP,S2668,2019-Q2,2812.06
N_A,INR,CDS_PRMRECVD,HABR,N_A,GL_OP,S2669,2019-Q2,2824.01
N_A,INR,CDS_PRMRECVD,GRREC,TR_B,GL_OP,S2671,2019-Q2,2835.96
N_A,INR,CDS_PRMRECVD,GRREC,BK_B,GL_OP,S2672,2019-Q2,2847.91
N_A,INR,CDS_PRMRECVD,GRPD,TR_B,GL_OP,S2674,2019-Q2,2859.86
N_A,INR,CDS_PRMRECVD,GRPD,BK_B,GL_OP,S2675,2019-Q2,2871.81
N_A,INR,CDS_PRMRECVD,NPPVBP,N_A,GL_OP,S2678,2019-Q2,227
N_A,N_A,CDS_PRMRECVD,REM,N_A,GL_OP,S2679,2019-Q2,TSWFMARRPT
N_A,N_A,TIRSINR,REM,N_A,GL_OP,S2693,2019-Q2,KLUSUA
N_A,N_A,IRSFCY,REM,N_A,GL_OP,S2707,2019-Q2,SKDUSDI
N_A,INR,IRSFCY_LIBOR,TRBP,N_A,GL_OP,S2708,2019-Q2,2802.88
N_A,INR,IRSFCY_LIBOR,TABR,N_A,GL_OP,S2709,2019-Q2,2814.83
N_A,INR,IRSFCY_LIBOR,HABP,N_A,GL_OP,S2710,2019-Q2,2826.78
N_A,INR,IRSFCY_LIBOR,HABR,N_A,GL_OP,S2711,2019-Q2,2838.73
N_A,INR,IRSFCY_LIBOR,GRREC,TR_B,GL_OP,S2713,2019-Q2,2850.68
N_A,INR,IRSFCY_LIBOR,GRREC,BK_B,GL_OP,S2714,2019-Q2,2862.63
N_A,INR,IRSFCY_LIBOR,GRPD,TR_B,GL_OP,S2716,2019-Q2,2874.58
N_A,INR,IRSFCY_LIBOR,GRPD,BK_B,GL_OP,S2717,2019-Q2,2886.53
N_A,INR,IRSFCY_LIBOR,NPPVBP,N_A,GL_OP,S2720,2019-Q2,232
N_A,N_A,IRSFCY_LIBOR,REM,N_A,GL_OP,S2721,2019-Q2,GADDIGNBQK
N_A,INR,IRSFCY_OTH,TRBP,N_A,GL_OP,S2722,2019-Q2,2817.6
N_A,INR,IRSFCY_OTH,TABR,N_A,GL_OP,S2723,2019-Q2,2829.55
N_A,INR,IRSFCY_OTH,HABP,N_A,GL_OP,S2724,2019-Q2,2841.5
N_A,INR,IRSFCY_OTH,HABR,N_A,GL_OP,S2725,2019-Q2,2853.45
N_A,INR,IRSFCY_OTH,GRREC,TR_B,GL_OP,S2727,2019-Q2,2865.4
N_A,INR,IRSFCY_OTH,GRREC,BK_B,GL_OP,S2728,2019-Q2,2877.35
N_A,INR,IRSFCY_OTH,GRPD,TR_B,GL_OP,S2730,2019-Q2,2889.3
N_A,INR,IRSFCY_OTH,GRPD,BK_B,GL_OP,S2731,2019-Q2,2901.25
N_A,INR,IRSFCY_OTH,NPPVBP,N_A,GL_OP,S2734,2019-Q2,237
N_A,N_A,IRSFCY_OTH,REM,N_A,GL_OP,S2735,2019-Q2,UKWXQVWWSI
N_A,N_A,TIRSINRFCY,REM,N_A,GL_OP,S2749,2019-Q2,JSDYISYD
N_A,INR,NETWORTH_LASTMARCH,TRBP,N_A,GL_OP,S2750,2019-Q2,2832.32
N_A,INR,NETWORTH_LASTMARCH,TABR,N_A,GL_OP,S2751,2019-Q2,2844.27
N_A,INR,NETWORTH_LASTMARCH,HABP,N_A,GL_OP,S2752,2019-Q2,2856.22
N_A,INR,NETWORTH_LASTMARCH,HABR,N_A,GL_OP,S2753,2019-Q2,2868.17
N_A,INR,NETWORTH_LASTMARCH,GRREC,TR_B,GL_OP,S2755,2019-Q2,2880.12
N_A,INR,NETWORTH_LASTMARCH,GRREC,BK_B,GL_OP,S2756,2019-Q2,2892.07
N_A,INR,NETWORTH_LASTMARCH,GRPD,TR_B,GL_OP,S2758,2019-Q2,2904.02
N_A,INR,NETWORTH_LASTMARCH,GRPD,BK_B,GL_OP,S2759,2019-Q2,2915.97
N_A,INR,NETWORTH_LASTMARCH,NPPVBP,N_A,GL_OP,S2762,2019-Q2,242
N_A,N_A,NETWORTH_LASTMARCH,REM,N_A,GL_OP,S2763,2019-Q2,CJCTKQHEXM
N_A,INR,PVBP,TRBP,N_A,GL_OP,S2764,2019-Q2,2847.04
N_A,INR,PVBP,TABR,N_A,GL_OP,S2765,2019-Q2,2858.99
N_A,INR,PVBP,HABP,N_A,GL_OP,S2766,2019-Q2,2870.94
N_A,INR,PVBP,HABR,N_A,GL_OP,S2767,2019-Q2,2882.89
N_A,INR,PVBP,GRREC,TR_B,GL_OP,S2769,2019-Q2,2894.84
N_A,INR,PVBP,GRREC,BK_B,GL_OP,S2770,2019-Q2,2906.79
N_A,INR,PVBP,GRPD,TR_B,GL_OP,S2772,2019-Q2,2918.74
N_A,INR,PVBP,GRPD,BK_B,GL_OP,S2773,2019-Q2,2930.69
N_A,INR,PVBP,NPPVBP,N_A,GL_OP,S2776,2019-Q2,247
N_A,N_A,PVBP,REM,N_A,GL_OP,S2777,2019-Q2,GVWFPLDDPL
N_A,N_A,IRS_FCY_IN_USD,REM,N_A,GL_OP,S2791,2019-Q2,JKLSDSUDO
N_A,INR,IRS_FCY_IN_USD_LIBOR,TRBP,N_A,GL_OP,S2792,2019-Q2,2861.76
N_A,INR,IRS_FCY_IN_USD_LIBOR,TABR,N_A,GL_OP,S2793,2019-Q2,2873.71
N_A,INR,IRS_FCY_IN_USD_LIBOR,HABP,N_A,GL_OP,S2794,2019-Q2,2885.66
N_A,INR,IRS_FCY_IN_USD_LIBOR,HABR,N_A,GL_OP,S2795,2019-Q2,2897.61
N_A,INR,IRS_FCY_IN_USD_LIBOR,GRREC,TR_B,GL_OP,S2797,2019-Q2,2909.56
N_A,INR,IRS_FCY_IN_USD_LIBOR,GRREC,BK_B,GL_OP,S2798,2019-Q2,2921.51
N_A,INR,IRS_FCY_IN_USD_LIBOR,GRPD,TR_B,GL_OP,S2800,2019-Q2,2933.46
N_A,INR,IRS_FCY_IN_USD_LIBOR,GRPD,BK_B,GL_OP,S2801,2019-Q2,2945.41
N_A,INR,IRS_FCY_IN_USD_LIBOR,NPPVBP,N_A,GL_OP,S2804,2019-Q2,252
N_A,N_A,IRS_FCY_IN_USD_LIBOR,REM,N_A,GL_OP,S2805,2019-Q2,DWYMMCIXSL
N_A,INR,IRS_FCY_IN_USD_OTH,TRBP,N_A,GL_OP,S2806,2019-Q2,2876.48
N_A,INR,IRS_FCY_IN_USD_OTH,TABR,N_A,GL_OP,S2807,2019-Q2,2888.43
N_A,INR,IRS_FCY_IN_USD_OTH,HABP,N_A,GL_OP,S2808,2019-Q2,2900.38
N_A,INR,IRS_FCY_IN_USD_OTH,HABR,N_A,GL_OP,S2809,2019-Q2,2912.33
N_A,INR,IRS_FCY_IN_USD_OTH,GRREC,TR_B,GL_OP,S2811,2019-Q2,2924.28
N_A,INR,IRS_FCY_IN_USD_OTH,GRREC,BK_B,GL_OP,S2812,2019-Q2,2936.23
N_A,INR,IRS_FCY_IN_USD_OTH,GRPD,TR_B,GL_OP,S2814,2019-Q2,2948.18
N_A,INR,IRS_FCY_IN_USD_OTH,GRPD,BK_B,GL_OP,S2815,2019-Q2,2960.13
N_A,INR,IRS_FCY_IN_USD_OTH,NPPVBP,N_A,GL_OP,S2818,2019-Q2,257
N_A,N_A,IRS_FCY_IN_USD_OTH,REM,N_A,GL_OP,S2819,2019-Q2,CQKJVHXULW
