COMMENT,Currency,OBS_Memo,OBS,OBE_ALO,Measure_Type,INPUT,Area_Operation,DMID,COUNTRY,BRNAME,TIME_PERIOD,OBS_VALUE
N_A,INR,N_A,CRCO_LC_D,N_A,BKVAL,N_A,GL_OP,S1142,N_A,N_A,2019-Q2,4632.98
N_A,INR,N_A,CRCO_LC_D,N_A,CREEQAMT,N_A,GL_OP,S1143,N_A,N_A,2019-Q2,4482.98
N_A,INR,N_A,CRCO_LC_D,N_A,BKVAL,N_A,GL_OP,S1144,N_A,N_A,2019-Q2,4671.67
N_A,INR,N_A,CRCO_LC_D,N_A,CREEQAMT,N_A,GL_OP,S1145,N_A,N_A,2019-Q2,4521.67
N_A,INR,N_A,CRCO_LC_D,N_A,BKVAL,N_A,GL_OP,S1146,N_A,N_A,2019-Q2,4710.36
N_A,INR,N_A,CRCO_LC_D,N_A,CREEQAMT,N_A,GL_OP,S1147,N_A,N_A,2019-Q2,4560.36
N_A,INR,N_A,CRCO_LC_C,N_A,BKVAL,N_A,GL_OP,S1148,N_A,N_A,2019-Q2,4647.7
N_A,INR,N_A,CRCO_LC_C,N_A,CREEQAMT,N_A,GL_OP,S1149,N_A,N_A,2019-Q2,4497.7
N_A,INR,N_A,CRCO_LC_C,N_A,BKVAL,N_A,GL_OP,S1150,N_A,N_A,2019-Q2,4686.39
N_A,INR,N_A,CRCO_LC_C,N_A,CREEQAMT,N_A,GL_OP,S1151,N_A,N_A,2019-Q2,4536.39
N_A,INR,N_A,CRCO_LC_C,N_A,BKVAL,N_A,GL_OP,S1152,N_A,N_A,2019-Q2,4725.08
N_A,INR,N_A,CRCO_LC_C,N_A,CREEQAMT,N_A,GL_OP,S1153,N_A,N_A,2019-Q2,4575.08
N_A,INR,N_A,CRCO_G_F,N_A,BKVAL,N_A,GL_OP,S1154,N_A,N_A,2019-Q2,4662.42
N_A,INR,N_A,CRCO_G_F,N_A,CREEQAMT,N_A,GL_OP,S1155,N_A,N_A,2019-Q2,4512.42
N_A,INR,N_A,CRCO_G_F,N_A,BKVAL,N_A,GL_OP,S1156,N_A,N_A,2019-Q2,4701.11
N_A,INR,N_A,CRCO_G_F,N_A,CREEQAMT,N_A,GL_OP,S1157,N_A,N_A,2019-Q2,4551.11
N_A,INR,N_A,CRCO_G_F,N_A,BKVAL,N_A,GL_OP,S1158,N_A,N_A,2019-Q2,4739.8
N_A,INR,N_A,CRCO_G_F,N_A,CREEQAMT,N_A,GL_OP,S1159,N_A,N_A,2019-Q2,4589.8
N_A,INR,N_A,CRCO_G_O,N_A,BKVAL,N_A,GL_OP,S1160,N_A,N_A,2019-Q2,4677.14
N_A,INR,N_A,CRCO_G_O,N_A,CREEQAMT,N_A,GL_OP,S1161,N_A,N_A,2019-Q2,4527.14
N_A,INR,N_A,CRCO_G_O,N_A,BKVAL,N_A,GL_OP,S1162,N_A,N_A,2019-Q2,4715.83
N_A,INR,N_A,CRCO_G_O,N_A,CREEQAMT,N_A,GL_OP,S1163,N_A,N_A,2019-Q2,4565.83
N_A,INR,N_A,CRCO_G_O,N_A,BKVAL,N_A,GL_OP,S1164,N_A,N_A,2019-Q2,4754.52
N_A,INR,N_A,CRCO_G_O,N_A,CREEQAMT,N_A,GL_OP,S1165,N_A,N_A,2019-Q2,4604.52
N_A,INR,N_A,CRCO_ENDRS,N_A,BKVAL,N_A,GL_OP,S1166,N_A,N_A,2019-Q2,4691.86
N_A,INR,N_A,CRCO_ENDRS,N_A,CREEQAMT,N_A,GL_OP,S1167,N_A,N_A,2019-Q2,4541.86
N_A,INR,N_A,CRCO_ENDRS,N_A,BKVAL,N_A,GL_OP,S1168,N_A,N_A,2019-Q2,4730.55
N_A,INR,N_A,CRCO_ENDRS,N_A,CREEQAMT,N_A,GL_OP,S1169,N_A,N_A,2019-Q2,4580.55
N_A,INR,N_A,CRCO_ENDRS,N_A,BKVAL,N_A,GL_OP,S1170,N_A,N_A,2019-Q2,4769.24
N_A,INR,N_A,CRCO_ENDRS,N_A,CREEQAMT,N_A,GL_OP,S1171,N_A,N_A,2019-Q2,4619.24
N_A,INR,N_A,CRCO_UNDWR,N_A,BKVAL,N_A,GL_OP,S1172,N_A,N_A,2019-Q2,4706.58
N_A,INR,N_A,CRCO_UNDWR,N_A,CREEQAMT,N_A,GL_OP,S1173,N_A,N_A,2019-Q2,4556.58
N_A,INR,N_A,CRCO_UNDWR,N_A,BKVAL,N_A,GL_OP,S1174,N_A,N_A,2019-Q2,4745.27
N_A,INR,N_A,CRCO_UNDWR,N_A,CREEQAMT,N_A,GL_OP,S1175,N_A,N_A,2019-Q2,4595.27
N_A,INR,N_A,CRCO_UNDWR,N_A,BKVAL,N_A,GL_OP,S1176,N_A,N_A,2019-Q2,4783.96
N_A,INR,N_A,CRCO_UNDWR,N_A,CREEQAMT,N_A,GL_OP,S1177,N_A,N_A,2019-Q2,4633.96
N_A,INR,N_A,CRCO_BIND,N_A,BKVAL,N_A,GL_OP,S1178,N_A,N_A,2019-Q2,4721.3
N_A,INR,N_A,CRCO_BIND,N_A,CREEQAMT,N_A,GL_OP,S1179,N_A,N_A,2019-Q2,4571.3
N_A,INR,N_A,CRCO_BIND,N_A,BKVAL,N_A,GL_OP,S1180,N_A,N_A,2019-Q2,4759.99
N_A,INR,N_A,CRCO_BIND,N_A,CREEQAMT,N_A,GL_OP,S1181,N_A,N_A,2019-Q2,4609.99
N_A,INR,N_A,CRCO_BIND,N_A,BKVAL,N_A,GL_OP,S1182,N_A,N_A,2019-Q2,4798.68
N_A,INR,N_A,CRCO_BIND,N_A,CREEQAMT,N_A,GL_OP,S1183,N_A,N_A,2019-Q2,4648.68
N_A,INR,N_A,CRCO_REPURCH,N_A,BKVAL,N_A,GL_OP,S1184,N_A,N_A,2019-Q2,4736.02
N_A,INR,N_A,CRCO_REPURCH,N_A,CREEQAMT,N_A,GL_OP,S1185,N_A,N_A,2019-Q2,4586.02
N_A,INR,N_A,CRCO_REPURCH,N_A,BKVAL,N_A,GL_OP,S1186,N_A,N_A,2019-Q2,4774.71
N_A,INR,N_A,CRCO_REPURCH,N_A,CREEQAMT,N_A,GL_OP,S1187,N_A,N_A,2019-Q2,4624.71
N_A,INR,N_A,CRCO_REPURCH,N_A,BKVAL,N_A,GL_OP,S1188,N_A,N_A,2019-Q2,4813.4
N_A,INR,N_A,CRCO_REPURCH,N_A,CREEQAMT,N_A,GL_OP,S1189,N_A,N_A,2019-Q2,4663.4
N_A,INR,N_A,CRCO_LIABONPARTLYPAIDSEC,N_A,BKVAL,N_A,GL_OP,S1190,N_A,N_A,2019-Q2,4750.74
N_A,INR,N_A,CRCO_LIABONPARTLYPAIDSEC,N_A,CREEQAMT,N_A,GL_OP,S1191,N_A,N_A,2019-Q2,4600.74
N_A,INR,N_A,CRCO_LIABONPARTLYPAIDSEC,N_A,BKVAL,N_A,GL_OP,S1192,N_A,N_A,2019-Q2,4789.43
N_A,INR,N_A,CRCO_LIABONPARTLYPAIDSEC,N_A,CREEQAMT,N_A,GL_OP,S1193,N_A,N_A,2019-Q2,4639.43
N_A,INR,N_A,CRCO_LIABONPARTLYPAIDSEC,N_A,BKVAL,N_A,GL_OP,S1194,N_A,N_A,2019-Q2,4828.12
N_A,INR,N_A,CRCO_LIABONPARTLYPAIDSEC,N_A,CREEQAMT,N_A,GL_OP,S1195,N_A,N_A,2019-Q2,4678.12
N_A,INR,N_A,CRCO_CLAIMNOTACKNGDEBT,N_A,BKVAL,N_A,GL_OP,S1196,N_A,N_A,2019-Q2,4765.46
N_A,INR,N_A,CRCO_CLAIMNOTACKNGDEBT,N_A,CREEQAMT,N_A,GL_OP,S1197,N_A,N_A,2019-Q2,4615.46
N_A,INR,N_A,CRCO_CLAIMNOTACKNGDEBT,N_A,BKVAL,N_A,GL_OP,S1198,N_A,N_A,2019-Q2,4804.15
N_A,INR,N_A,CRCO_CLAIMNOTACKNGDEBT,N_A,CREEQAMT,N_A,GL_OP,S1199,N_A,N_A,2019-Q2,4654.15
N_A,INR,N_A,CRCO_CLAIMNOTACKNGDEBT,N_A,BKVAL,N_A,GL_OP,S1200,N_A,N_A,2019-Q2,4842.84
N_A,INR,N_A,CRCO_CLAIMNOTACKNGDEBT,N_A,CREEQAMT,N_A,GL_OP,S1201,N_A,N_A,2019-Q2,4692.84
N_A,INR,N_A,CRCO_OTH,N_A,BKVAL,N_A,GL_OP,S1202,N_A,N_A,2019-Q2,4780.18
N_A,INR,N_A,CRCO_OTH,N_A,CREEQAMT,N_A,GL_OP,S1203,N_A,N_A,2019-Q2,4630.18
N_A,INR,N_A,CRCO_OTH,N_A,BKVAL,N_A,GL_OP,S1204,N_A,N_A,2019-Q2,4818.87
N_A,INR,N_A,CRCO_OTH,N_A,CREEQAMT,N_A,GL_OP,S1205,N_A,N_A,2019-Q2,4668.87
N_A,INR,N_A,CRCO_OTH,N_A,BKVAL,N_A,GL_OP,S1206,N_A,N_A,2019-Q2,4857.56
N_A,INR,N_A,CRCO_OTH,N_A,CREEQAMT,N_A,GL_OP,S1207,N_A,N_A,2019-Q2,4707.56
N_A,INR,N_A,CONDER,N_A,BKVAL,N_A,GL_OP,S1208,N_A,N_A,2019-Q2,149344.16
N_A,INR,N_A,CONDER,N_A,CREEQAMT,N_A,GL_OP,S1209,N_A,N_A,2019-Q2,150180.66
N_A,INR,N_A,CONDER,N_A,BKVAL,N_A,GL_OP,S1210,N_A,N_A,2019-Q2,155114.4
N_A,INR,N_A,CONDER,N_A,CREEQAMT,N_A,GL_OP,S1211,N_A,N_A,2019-Q2,155833.14
N_A,INR,N_A,CONDER,N_A,BKVAL,N_A,GL_OP,S1212,N_A,N_A,2019-Q2,255114.4
N_A,INR,N_A,CONDER,N_A,CREEQAMT,N_A,GL_OP,S1213,N_A,N_A,2019-Q2,355950.9
N_A,INR,OUG,N_A,N_A,BKVAL,N_A,GL_OP,S1220,N_A,N_A,2019-Q2,4809.62
N_A,INR,OUG,N_A,N_A,BKVAL,N_A,GL_OP,S1221,N_A,N_A,2019-Q2,4848.31
N_A,INR,OUG,N_A,N_A,BKVAL,N_A,GL_OP,S1222,N_A,N_A,2019-Q2,4887
N_A,INR,OUA,N_A,N_A,BKVAL,N_A,GL_OP,S1223,N_A,N_A,2019-Q2,4824.34
N_A,INR,OUA,N_A,N_A,BKVAL,N_A,GL_OP,S1224,N_A,N_A,2019-Q2,4863.03
N_A,INR,OUA,N_A,N_A,BKVAL,N_A,GL_OP,S1225,N_A,N_A,2019-Q2,4901.72
N_A,INR,G_NR_R,N_A,N_A,BKVAL,N_A,GL_OP,S1226,N_A,N_A,2019-Q2,4839.06
N_A,INR,G_NR_R,N_A,N_A,BKVAL,N_A,GL_OP,S1227,N_A,N_A,2019-Q2,4877.75
N_A,INR,G_NR_R,N_A,N_A,BKVAL,N_A,GL_OP,S1228,N_A,N_A,2019-Q2,4916.44
N_A,INR,G_NR_NR,N_A,N_A,BKVAL,N_A,GL_OP,S1229,N_A,N_A,2019-Q2,4853.78
N_A,INR,G_NR_NR,N_A,N_A,BKVAL,N_A,GL_OP,S1230,N_A,N_A,2019-Q2,4892.47
N_A,INR,G_NR_NR,N_A,N_A,BKVAL,N_A,GL_OP,S1231,N_A,N_A,2019-Q2,4931.16
N_A,INR,ECB,N_A,N_A,BKVAL,N_A,GL_OP,S1232,N_A,N_A,2019-Q2,4868.5
N_A,INR,ECB,N_A,N_A,BKVAL,N_A,GL_OP,S1233,N_A,N_A,2019-Q2,4907.19
N_A,INR,ECB,N_A,N_A,BKVAL,N_A,GL_OP,S1234,N_A,N_A,2019-Q2,4945.88
N_A,INR,BFC,N_A,N_A,BKVAL,N_A,GL_OP,S1235,N_A,N_A,2019-Q2,4883.22
N_A,INR,BFC,N_A,N_A,BKVAL,N_A,GL_OP,S1236,N_A,N_A,2019-Q2,4921.91
N_A,INR,BFC,N_A,N_A,BKVAL,N_A,GL_OP,S1237,N_A,N_A,2019-Q2,4960.6
