COMMENT,Currency,Other_Liability_Type,Measure_Type,INPUT,Area_Operation,DMID,TIME_PERIOD,OBS_VALUE
N_A,INR,OLIAB_INT,TOTAL,N_A,GL_OP,S986,2019-Q2,4309.14
N_A,INR,OLIAB_INT,TOWHF,N_A,GL_OP,S987,2019-Q2,4159.14
N_A,INR,OLIAB_INT,TOTAL,N_A,GL_OP,S988,2019-Q2,4347.83
N_A,INR,OLIAB_INT,TOWHF,N_A,GL_OP,S989,2019-Q2,4197.83
N_A,INR,OLIAB_INT,TOTAL,N_A,GL_OP,S990,2019-Q2,4386.52
N_A,INR,OLIAB_INT,TOWHF,N_A,GL_OP,S991,2019-Q2,4236.52
N_A,INR,OLIAB_PROVTAX,TOTAL,N_A,GL_OP,S992,2019-Q2,4323.86
N_A,INR,OLIAB_PROVTAX,TOWHF,N_A,GL_OP,S993,2019-Q2,4173.86
N_A,INR,OLIAB_PROVTAX,TOTAL,N_A,GL_OP,S994,2019-Q2,4362.55
N_A,INR,OLIAB_PROVTAX,TOWHF,N_A,GL_OP,S995,2019-Q2,4212.55
N_A,INR,OLIAB_PROVTAX,TOTAL,N_A,GL_OP,S996,2019-Q2,4401.24
N_A,INR,OLIAB_PROVTAX,TOWHF,N_A,GL_OP,S997,2019-Q2,4251.24
N_A,INR,OLIAB_IBA,TOTAL,N_A,GL_OP,S998,2019-Q2,4338.58
N_A,INR,OLIAB_IBA,TOWHF,N_A,GL_OP,S999,2019-Q2,4188.58
N_A,INR,OLIAB_IBA,TOTAL,N_A,GL_OP,S1000,2019-Q2,4377.27
N_A,INR,OLIAB_IBA,TOWHF,N_A,GL_OP,S1001,2019-Q2,4227.27
N_A,INR,OLIAB_IBA,TOTAL,N_A,GL_OP,S1002,2019-Q2,4415.96
N_A,INR,OLIAB_IBA,TOWHF,N_A,GL_OP,S1003,2019-Q2,4265.96
N_A,INR,BILLS,TOTAL,N_A,GL_OP,S1004,2019-Q2,4353.3
N_A,INR,BILLS,TOWHF,N_A,GL_OP,S1005,2019-Q2,4203.3
N_A,INR,BILLS,TOTAL,N_A,GL_OP,S1006,2019-Q2,4391.99
N_A,INR,BILLS,TOWHF,N_A,GL_OP,S1007,2019-Q2,4241.99
N_A,INR,BILLS,TOTAL,N_A,GL_OP,S1008,2019-Q2,4430.68
N_A,INR,BILLS,TOWHF,N_A,GL_OP,S1009,2019-Q2,4280.68
N_A,INR,OLIAB_SRPLS,TOTAL,N_A,GL_OP,S1016,2019-Q2,4368.02
N_A,INR,OLIAB_SRPLS,TOWHF,N_A,GL_OP,S1017,2019-Q2,4218.02
N_A,INR,OLIAB_SRPLS,TOTAL,N_A,GL_OP,S1018,2019-Q2,4406.71
N_A,INR,OLIAB_SRPLS,TOWHF,N_A,GL_OP,S1019,2019-Q2,4256.71
N_A,INR,OLIAB_SRPLS,TOTAL,N_A,GL_OP,S1020,2019-Q2,4445.4
N_A,INR,OLIAB_SRPLS,TOWHF,N_A,GL_OP,S1021,2019-Q2,4295.4
N_A,INR,OLIAB_DEFTAX,TOTAL,N_A,GL_OP,S1022,2019-Q2,4382.74
N_A,INR,OLIAB_DEFTAX,TOWHF,N_A,GL_OP,S1023,2019-Q2,4232.74
N_A,INR,OLIAB_DEFTAX,TOTAL,N_A,GL_OP,S1024,2019-Q2,4421.43
N_A,INR,OLIAB_DEFTAX,TOWHF,N_A,GL_OP,S1025,2019-Q2,4271.43
N_A,INR,OLIAB_DEFTAX,TOTAL,N_A,GL_OP,S1026,2019-Q2,4460.12
N_A,INR,OLIAB_DEFTAX,TOWHF,N_A,GL_OP,S1027,2019-Q2,4310.12
N_A,INR,OLIAB_MTM,TOTAL,N_A,GL_OP,S1028,2019-Q2,4397.46
N_A,INR,OLIAB_MTM,TOWHF,N_A,GL_OP,S1029,2019-Q2,4247.46
N_A,INR,OLIAB_MTM,TOTAL,N_A,GL_OP,S1030,2019-Q2,4436.15
N_A,INR,OLIAB_MTM,TOWHF,N_A,GL_OP,S1031,2019-Q2,4286.15
N_A,INR,OLIAB_MTM,TOTAL,N_A,GL_OP,S1032,2019-Q2,4474.84
N_A,INR,OLIAB_MTM,TOWHF,N_A,GL_OP,S1033,2019-Q2,4324.84
N_A,INR,OLIAB_AOTH,TOTAL,ytu,GL_OP,S1040,2019-Q2,4412.18
N_A,INR,OLIAB_AOTH,TOWHF,ytu,GL_OP,S1041,2019-Q2,4262.18
N_A,INR,OLIAB_AOTH,TOTAL,ytu,GL_OP,S1042,2019-Q2,4450.87
N_A,INR,OLIAB_AOTH,TOWHF,ytu,GL_OP,S1043,2019-Q2,4300.87
N_A,INR,OLIAB_AOTH,TOTAL,ytu,GL_OP,S1044,2019-Q2,4489.56
N_A,INR,OLIAB_AOTH,TOWHF,ytu,GL_OP,S1045,2019-Q2,4339.56
N_A,INR,OLIAB_AOTH,TOTAL,bnmbm,GL_OP,S1040,2019-Q2,4426.9
N_A,INR,OLIAB_AOTH,TOWHF,bnmbm,GL_OP,S1041,2019-Q2,4276.9
N_A,INR,OLIAB_AOTH,TOTAL,bnmbm,GL_OP,S1042,2019-Q2,4465.59
N_A,INR,OLIAB_AOTH,TOWHF,bnmbm,GL_OP,S1043,2019-Q2,4315.59
N_A,INR,OLIAB_AOTH,TOTAL,bnmbm,GL_OP,S1044,2019-Q2,4504.28
N_A,INR,OLIAB_AOTH,TOWHF,bnmbm,GL_OP,S1045,2019-Q2,4354.28
